type,question,answer,optionA,optionB,optionC,optionD
单选,第一个明确提出“马克思主义中国化”科学命题的领导人是：,B,邓小平,毛泽东,习近平,胡锦涛
单选,马克思主义中国化第一次历史性飞跃的理论成果是：( ),A,毛泽东思想,邓小平理论,“三个代表”重要思想,科学发展观
单选,下列不属于毛泽东思想成熟时期的著作是,B,《＜共产党人＞发刊词》,《反对本本主义》,《中国革命和中国共产党》,《实践论》
单选,毛泽东思想形成的时代背景是(),A,战争与革命,和平与发展,渗透与反渗透,颠覆与反颠覆
单选,将毛泽东思想确立为党的指导思想的会议是:(    ),C,党的六大,党的六届六中全会,党的七大,党的七届二中全会
单选,(      )是经济工作和其他一切工作的生命线。,D,经济工作,文化工作,外交工作,思想政治工作
单选,中国共产党区别于其他一切政党的根本标志是( ),B,独立自主,全心全意为人民服务,加强党的建设,批评与自我批评
单选,1981年（）提出出毛泽东思想的活的灵魂,B,《矛盾论》,《中国共产党中央委员会关于建国以来党的若干历史问题的决议》,《实践论》,《关于领导方法的若干问题》
单选,新时期正确评价毛泽东和毛泽东思想的党的重要文献是(      ),B,十一届三中全会决议,十一届六中全会决议,十二大报告,十三大报告
单选,“文化大革命”结束后，能否正确评价毛泽东、毛泽东思想的关键在于(    ),B,是否坚持毛泽东思想,是否把毛泽东思想与毛泽东晚年错误区别开来,是否把毛泽东思想与毛泽东个人的思想区别开来,是否用发展的眼光看问题
单选,对实事求是首先做出马克思主义的解释，并把它确立为中国共产党的思想路线的是,A,毛泽东,邓小平,习近平,胡锦涛
单选,毛泽东思想产生不是偶然的，它是现实需要的必然产物 。毛泽东思想形成和发展的实践基础是,A,中国共产党领导人民进行革命和建设的成功实践,西方的和平演变战略,世界无产阶级社会主义革命的新时代,十月革命
单选,近代中国的社会性质是(),C,封建社会,前资本主义社会,半殖民地半封建社会,资本主义社会
单选,近代中国贫困落后和一切灾祸的总根源是(),A,帝国主义,中国民族资产阶级的软弱,封建主义的腐朽,反动势力的联合
单选,近代中国社会最主要的矛盾是(),B,地主阶级和农民阶级的矛盾,帝国主义和中华民族的矛盾,资产阶级和无产阶级的矛盾,封建主义和人民大众的矛盾
单选,标志着旧民主主义革命向新民主主义革命转变的重大事件是(),B,新文化运动的兴起,五四运动,中国共产党的建立,北伐战争
单选,新民主主义革命区别于旧民主主义革命的根本标志是(),B,资产阶级领导,无产阶级领导,农民阶级是主力军,帝国主义是主要敌人
单选,中国无产阶级最可靠的同盟军是(),A,农民阶级,城市小资产阶级,民族资产阶级,开明士绅
单选,中国革命的基本问题是(),B,武装斗争,农民问题,党的建设,领导权问题
单选,毛泽东第一次明确提出：“新民主主义革命”这一命题的著作是(),C,《〈共产党人〉发刊词》,《论政策》,《中国革命和中国共产党》,《新民主主义论》
单选,1939年，毛泽东在《中国革命和中国共产党》中指出：中国是在许多帝国主义国家统治或半统治下，实际上处于长期的不统一状态，再加上土地扩大，其结果是  (  ),C,帝国主义侵略势力日益成为统治中国的决定性力量,封建经济在社会经济生活中占着显然的优势,经济、政治和文化的发展表现出极端的不平衡,人民的贫困和不自由的程度是世界所少见的
单选,土地革命战争时期、毛泽东指出：“一国之内，在四周白色政权的包围中，有一小块或若干小块红色政权的区域长期地存在，这是世界各国从来没有的事。这种奇事的发生，有其独特的原因。”红色政权能够存在和发展的根本原因是   ( ),A,中国是一个经济政治发展极端不平衡的半殖民地半封建大国,国民革命的政治影响及良好的群众基础,全国革命形势的继续发展,相当力量的正式红军的存在以及共产党组织的坚强有力和正确领导
单选,中国民主主义革命经历了旧民主主义革命和新民主主义革命两个阶段，“旧”阶段转化到“新”阶段的根本标志是( ),A,中国革命领导阶级的变化,中国革命主要对象的变化,中国革命基本性质的变化,中国社会主要矛盾的变化
单选,土地改革是中国新民主主义革命的主要内容。土地改革的直接目标是( ),A,反对封建主义,反对帝国主义,发展农业生产,建立社会主义
单选,毛泽东在总结我党对待资产阶级问题上正反两方面的历史经验后指出：中国共产党政治路线的重要部分，就是坚持统一战线的策略原则。这个策略原则是( ),D,原则的坚定性和策略的灵活性,有理、有利、有节,发展进步势力，争取中间势力，孤立顽固势力,又联合又斗争
单选,近代中国革命必须分为两个步骤，第一步革命的基本性质是( ),C,无产阶级革命,社会主义革命,资产阶级民主主义革命,新民主主义革命
单选,半殖民地半封建社会的社会性质，决定了近代中国不可能是一个独立的民主国家，外部没有民族独立，而受帝国主义压迫；内部没有起码的资产阶级民主，反动统治阶级凭借强大的反革命武装对人民实行独裁恐怖统治。这种社会性质决定了中国革命进程的一个主要形式是( ),C,争取民主,农民运动,武装斗争,工人运动
单选,新民主主义革命的总路线中“人民大众的”是指(),A,革命的动力,革命的领导权,革命的性质,革命的对象
单选,中国民族资产阶级的阶级特性中与生俱来的一个特性是(  ),C,革命性,斗争性,软弱性,买办性
单选,新民主主义文化与旧民主主义文化相区别的根本特点是(  ),B,是否反帝反封建,是否以共产主义为指导,是否站在工农兵的立场上,是否提倡科学、民主
单选,新民主主义革命的对象是  (  ),B,帝国主义、封建主义和资本主义,帝国主义、封建主义和官僚资本主义,帝国主义、封建主义,帝国主义
单选,毛泽东明确提出新民主主义经济纲领的文章是   (  ),B,《＜共产党人＞发刊词》,《新民主主义论》,《论联合政府》,《目前形势和我们的任务》
单选,在古田会议决议中，明确了红军的性质：“中国的红军是一个执行革命的政治任务的武装集团。”根据红军的这个性质确立的中国共产党领导下的人民军队的唯一宗旨是( ),B,军事作战,为人民服务,为党服务,政治宣传
单选,在我国社会主义改造基本完成、开始全面建设社会主义的时候，毛泽东就向全党提出，走出中国自己的社会主义建设道路，探索马克思主义同中国实际的(),B,第一次结合,第二次结合,第三次结合,第四次结合
单选,1956年4月和5月，毛泽东先后在中央政治局扩大会议和最高国务会议上，作了（）的报告，初步总结了我国社会主义建设的经验，明确提出要以苏为鉴，独立自主地探索适合中国国情的社会主义建设道路。,C,《反对本本主义》,《论新阶段》,《论十大关系》,《人的正确思想是从哪里来的？》
单选,1956年底毛泽东发表的《论十大关系》成为探索中国特色的社会主义建设道路的先声，文章中提出我国社会主义建设必须围绕着一个基本方针，就是(),B,正确区分和处理两类不同性质的矛盾,调动一切积极因素为社会主义事业服务,中国共产党和民主党派“长期共存、互相监督”,“调整、巩固、 充实、提高”的方针
单选,毛泽东在《论十大关系》的报告中指出，中国工业化道路最重要的问题是(),B,处理好沿海工业和内地工业的关系,处理好重工业和轻工业、农业的关系,处理好中央和地方的关系,处理好工业现代化和农业现代化的关系
单选,《论十大关系》的发表标志着(),C,社会主义制度基本建立,社会主义改造完成,党探索中国社会主义建设道路的良好开端,社会主义建设道路的开始
单选,中共八大在探索中国自己的社会主义建设道路方面最重要的贡献是(),A,对当时和其后一个时期我国社会主义条件的阶级状况、社会状况及国情的判断、主要矛盾和党的主要任务的分析是基本正确的,提出了加强民主与法制建设的思想,提出了加强执政党建设的思想,提出了既反保守、又反冒进，在综合平衡中稳步前进的经济建设的方针
单选,1956年中共八大提出我国国内的主要矛盾是(),D,人民大众同帝国主义 、封建主义及其走狗国民党反动派残余势力的矛盾,无产阶级同资产阶级的矛盾,社会主义道路与资本主义道路的矛盾,人民对于经济文化迅速发展的需要同当前经济文化不能满足人民需要的状况之间的矛盾
单选,毛泽东在《关于正确处理人民内部矛盾的问题》中提出解决社会主义社会基本矛盾的途径是(),C,进行新民主主义革命,进行社会主义革命,依靠社会主义制度本身的力量进行改革,进行无产阶级专政下的继续革命
单选,提出社会主义社会基本矛盾和两类矛盾的学说，强调要严格区别和正确处理两类不同性质矛盾的是毛泽东()的讲话。,C,《论十大关系》,《同文艺界代表的讲话》,《关于正确处理人民内部矛盾的问题》,《限期将正确处理人民内部矛盾问题的讨论和执行情况报告中央》
单选,社会主义改造基本完成后，我国国家政治生活的主题是(),B,集中力量发展生产力,正确处理人民内部矛盾,进行思想战线上的社会主义革命,加强社会主义民主与法制建设
单选,20世纪60年代，我国提出了建设四个现代化的社会主义强国的战略目标，其中四个现代化是指(),C,工业、农业、商业和交通业,工业、农业、商业和科学技术,工业、农业、国防和科学技术,工业、农业、国防和交通业
单选,在1956年知识分子问题会议上，周恩来对知识分子的阶级属性的表达是(),C,小资产阶级,民族资产阶级,知识分子的绝大部分己经是工人阶级的一部分,大资产阶级
单选,社会主义民主的本质是(),A,人民当家作主,坚持四项基本原则,中国共产党的领导,人民民主专政
单选,()是无产阶级政党的根本组织原则，是指导党内生活的基本准则。,B,四项基本原则,民主集中制,党的组织建设,党的思想建设
单选,在中共八大上提出社会主义经济制度实行“三个主体，三个补充”设想的是(),D,刘少奇,周恩来,董必武,陈云
单选,中国共产党内率先提出探索中国社会主义建设道路的领导人是(),A,毛泽东,刘少奇,周恩来,邓小平
单选,1956年三大改造的基本完成标志着我国进入(),C,资本主义社会,新民主主义社会,社会主义初级阶段,共产主义社会
单选,20世纪50年代初，中国社会主义建设选择的模式是(),C,欧洲模式,美国模式,苏联模式,日本模式
单选,“可以消灭资本主义，又搞资本主义”是（）的思考。,D,陈云,刘少奇,周恩来,毛泽东
单选,文艺工作的基本方针是(),B,加强政治工作,“百花齐放，百家争鸣”,古为今用,洋为中用
单选,中国共产党在与民主党派的关系上应实行(),C,既利用又限制,轮流执政,长期共存，互相监督,团结——批评——团结
单选,我国的社会主义制度基本建立起来后，其主要任务是(),C,进行思想上、政治上的社会主义革命,继续进行两个阶级、两条道路的斗争,大力发展社会生产力,坚持无产阶级专政下的继续革命
单选,邓小平第一次提出“建设有中国特色的社会主义”的命题是(    ),B,党的十一届三中全会,党的十二大,党的十三大,党的十四大
单选,正式提出“邓小平理论”这一科学概念的会议是：(  ),D,党的十二大,党的十三大,党的十四大,党的十五大
单选,邓小平理论首要的基本理论问题是：(    ),D,发展才是硬道理,发展是党执政兴国的第一要务,解放生产力，发展生产力,什么是社会主义，怎样建设社会主义
单选,马克思主义同中国实际相结合第二次历史性飞跃的理论成果是:(    ),B,社会主义市场经济理论,中国特色社会主义理论体系,邓小平理论,毛泽东思想
单选,中国特色社会主义理论体系的开创之作是(    ),A,邓小平理论,“三个代表”重要思想,科学发展观,毛泽东思想
单选,开启改革开放和社会主义现代化建设历史新时期的会议是党的(        ),C,十二大,十一届六中全会,十一届三中全会,八大
单选,邓小平理论形成轮廓是在：(   ),B,党的十二大,党的十三大,党的十四大,党的十五大
单选,第一次系统阐述社会主义初级阶段的理论是在,B,党的十二大,党的十三大,党的十四大,党的十五大
单选,邓小平理论被确定为党的指导思想是在,D,党的十二大,党的十三大,党的十四大,党的十五大
单选,1978年邓小平在中央工作会议上作的《解放思想，实事求是，团结一致向前看》的重要讲话，重新确立了党的,A,党的实事求是的思想路线,解放思想、实事求是的思想路线,解放思想的思想路线,解放思想、实事求是、与时俱进的思想路线
单选,邓小平指出：“一个党， 一个国家， 一个民族，如果一切从本本出发，思想僵化，迷信盛行，那它就不能前 进，它的生机就停止了，就要亡党亡国。”这段话，非常深刻地阐明了,D,反对教条主,改革开放的重要性,破除封建迷信的重要,解放思想的重要性
单选,社会主义的首要的基本的理论问题是(   ),D,解放思想，实事求是,大力发展生产力,一切从社会主义初级阶段出发,"什么是社会主义,怎样建设社会主义"
单选,社会主义的本质是(   ),D,生产资料为社会占有,实行按劳分配原则,有计划地组织生产,"解放生产力,发展生产力,消灭剥削,消除两极分化,最终达到共同富裕"
单选,社会主义的根本任务是(     ),B,消灭剥削,发展生产力,以经济建设为中心,实现共同富裕
单选,"把党和国家的工作重点由以阶级斗争为纲转移到经济建设上来,是党的(    )",B,1978年中央工作会议,十一届三中全会,十一届六中全会,十二大
单选,"我们讲一切从实际出发,最大的实际就是中国(  )",D,"人口多,耕地少",自然资源贫乏,"底子薄,经济文化落后",正处于并将长期处于社会主义初级阶段
单选,社会主义初级阶段是指(  ),B,任何国家进入社会主义都要经历的起始阶段,"我国在生产力落后,商品经济不发达条件下,建设社会主义必然要经历的特定阶段",从新民主主义社会向社会主义社会过渡的阶段,从社会主义社会向共产主义社会过渡的阶段
单选,对社会主义初级阶段的基本路线作出了明确概括的是在(  ),B,党的十二大,党的十三大,党的十四大,党的十五大
单选,社会主义初级阶段基本路线的最主要内容是(  ),A,"以经济建设为中心,坚持四项基本原则,坚持改革开放","以经济建设为中心,坚持四项基本原则","以经济建设为中心,坚持改革开放","以经济建设为中心,加强精神文明建设"
单选,我国改革的性质是( ),C,经济体制的自我完善,社会主义制度的根本性改革,社会主义制度的自我完善和发展,经济体制的自我完善
单选,社会主义社会的发展的直接动力是( ),A,改革,四项基本原则,经济建设,人民内部矛盾
单选,把社会主义市场经济体制作为我国经济体制改革的目标是由( ),C,十一届三中全会提出,十三大提出,十四大提出,十五大提出
单选,“三个代表”重要思想创造性地回答了（    ）的问题 。,C,什么是社会主义，怎样建设社会主义,什么是现代化，怎样建设现代化,建设什么样的党，怎样建设党,实现什么样的发展，怎样发展
单选,“三个代表”重要思想首次提出是在(),B,1999年,2000年,2001年,2002年
单选,()是中国共产党的立党之本、执政之基、力量之源。,C,坚持“四项基本原则 ”,坚持改革开放,始终做到“三个代表 ”,始终保持党与人民的血肉联系
单选,党的十六大把（） 一起确立为我们党必须长期坚持的指导思想,D,“三个代表”重要思想同马克思列宁主义,“三个代表”重要思想同邓小平理论,“三个代表”重要思想同毛泽东思想、邓小平理论,“三个代表”重要思想同马克思列宁主义、毛泽东思想 、邓小平理论
单选,贯彻“三个代表”重要思想，核心在(),B,坚持与时俱进,保持党的先进性,坚持执政为民,巩固党的执政地位
单选,贯彻“三个代表”重要思想，本质在(),C,坚持与时俱进,保持党的先进性,坚持执政为民,巩固党的执政地位
单选,贯彻“三个代表”重要思想，关键在( ),A,坚持与时俱进,保持党的先进性,坚持执政为民,巩固党的执政地位
单选,始终做到“三个代表”，是我们党的（  ）、执政之基 、力量之源。,B,建党之本,立党之本,立国之本,政治保证
单选,把“三个代表”重要思想确立为党的指导思想是( ),D,1987年党的十三大,1992年党的十四大,1997年党的十五大,2002年党的十六大
单选,贯彻“三个代表”重要思想，必须 (   ),B,把反对腐败作为党执政兴国的第一要务,把发展作为党执政兴国的第一要务,把与时俱进作为党执政兴国的第一要务,把求真务实作为党执政兴国的第一要务
单选,()是先进生产力的开拓者，在改革开放和现代化建设中有着特殊重要的作用。,C,工人,农民,知识分子,资本家
单选,在五千多年的发展中，中华民族形成了以（）为核心的伟大民族精神。,C,马克思主义,中国特色社会主义,爱国主义,爱好和平
单选,()是党执政兴国的第一要务。,A,发展,前进,变化,进步
单选,党的（）正式把建立社会主义市场经济体制确立为我国经济体制改革的目标。,B,十三大,十四大,十五大,十六大
单选,建立社会主义市场经济体制，必须坚持和完善（）为主体、多种所有制经济共同发展的社会主义基本经济制度 。,A,公有制,私有制,个体经济,私营经济
单选,科学发展观的内涵极为丰富，其核心立场是：(    ),A,以人为本,全面发展,协调发展,可持续发展
单选,党的第（    ）次代表大会将科学发展观确立为党必须长期坚持的指导思想。,B,党的十六大,党的十七大,党的十四大,党的十五大
单选,确定科学发展观的现实依据是(   ),A,社会主义初级阶段的基本国情和新的阶段性特征,社会主义和谐社会的内在要求,新世纪新阶段的阶段性特征,全球化时代的国际环境
单选,科学发展观的第一要义是(),B,以人为本,发展,协调发展,可持续
单选,科学发展观的根本方法是(),A,统筹兼顾,全面协调可持续,以人为本,发展
单选,科学发展观创造性回答的重大问题是,D,什么是社会主义改造 、怎样进行社会主义改造,什么是社会主义、怎样建设社会主义,建设什么样的党、怎样建设党,实现什么样的发展 、怎样发展
单选,关于发展的本质、目的、内涵和要求的总体看法和根本观点是( ),D,发展战略,发展道路,发展模式,发展观
单选,( )提出“中国特色社会主义理论体系”的科学概念,C,十五大报告,十六大报告,十七大报告,十九大报告
单选,经过长期的努力，中国特色社会主义进入了(  ),C,新时期,新阶段,新时代,新环境
单选,十九大的主题是：不忘初心，（   ）高举中国特色社会主义伟大旗帜，决胜全面建成小康社会，夺取新时代中国特色社会主义伟大胜利，为实现中华民族伟大复兴的中国梦不懈奋斗。,B,继续前进,牢记使命,方得始终,砥砺前行
单选,中国特色社会主义进入新时代，我国社会主要矛盾已经转化为人民日益增长的（   ）需要和（    ）的发展之间的矛盾。,D,美好生活不充足不平衡,幸福生活不平衡不充分,幸福生活不充分不平衡,美好生活不平衡不充分
单选,必须认识到，我国社会主要矛盾的变化，没有改变我们对我国社会主义所处历史阶段的判断，我国仍处于并将长期处于（    ）的基本国情没有变，我国是世界最大发展中国家的国际地位没有变。,B,社会主义阶段,社会主义初级阶段,社会主义中级阶段,社会主义高级阶段
单选,经过长期的努力，中国特色社会主义进入了新时代，这是我国发展新的(   ),D,未来方向,未来方位,历史方向,历史方位
单选,党的十九大书写了民族复兴的“未来简史”，（  ）是坐标，（  ）是灵魂，（  ）是底色。,C,新时代，强起来，新思想,新思想，新时代，强起来,新时代，新思想，强起来,新思想，强起来，新时代
单选,改革开放以来我们党全部理论和实践的鲜明主题是( ),A,坚持和发展中国特色社会主义,坚持中国特色社会主义,发展中国特色社会主义,坚持改革开放
单选,习近平新时代中国特色社会主义思想的核心要义是( ),C,坚持中国特色社会主义,发展中国特色社会主义,坚持和发展中国特色社会主义,坚持改革开放
单选,习近平新时代中国特色社会主义思想最重要，最核心的内容是(   ),C,十四个坚持,五位一体,八个明确,四个全面
单选,重点讲的怎么看，回答新时代坚持和发展什么样的中国特色社会主义的问题的是(  ),A,八个明确,十四个坚持,五位一体,四个全面
单选,重点讲的怎么办，回答新时代怎样坚持和发展中国特色社会主义的问题的是(  ),B,八个明确,十四个坚持,五位一体,四个全面
单选,“八个明确”是（   ）层面的表述,C,理论指导,实践指导,指导思想,行动纲领
单选,“十四个坚持”是（  ）层面的表述,D,理论指导,实践指导,指导思想,行动纲领
单选,把习近平新时代中国特色社会主义思想确立为党的指导思想的会议是(  ),A,党的十九大,党的十八大,十三届全国人大一次会议,十九届三中全会
单选,把习近平新时代中国特色社会主义思想载入宪法的会议是(  ),C,党的十九大,党的十八大,十三届全国人大一次会议,十九届三中全会
单选,实现民族复兴，关键在(  ),B,军队,党,群众,经济实力
单选,近代以来中华民族最伟大的梦想是,D,实现民族独立,实现国家解放,实现世界大同,实现民族伟大复兴
单选,新时代中国特色社会主义思想，明确坚持和发展中国特色社会主义，总任务是实现社会主义现代化和中华民族伟大复兴，在全面建成小康社会的基础上，分两步走在本世纪中叶建成（  ）。,D,富强民主文明和谐的社会主义现代化国家,富强民主文明和谐的社会主义现代化强国,富强民主文明和谐美丽的社会主义现代化国家,富强民主文明和谐美丽的社会主义现代化强国
单选,新时代中国特色社会主义思想，明确坚持和发展中国特色社会主义，总任务是实现社会主义现代化和中华民族伟大复兴，在全面建成小康社会的基础上，分（  ）在本世纪中叶建成富强民主文明和谐美丽的社会主义现代化强国。,A,两步走,三步走,四步走,五步走
单选,综合分析国际国内形势和我国发展条件，从二〇二〇年到本世纪中叶可以分两个阶段来安排。第一个阶段，从_	(   )到（   ），在全面建成小康社会的基础上，再奋斗十五年，基本实现社会主义现代化。,A,二〇二〇年二〇三五年,二〇二五年二〇四〇年,二〇三〇年二〇四五年,二〇三五年本世纪中叶
单选,综合分析国际国内形势和我国发展条件，从二〇二〇年到本世纪中叶可以分两个阶段来安排。第二个阶段，从	(    )到（     ），在基本实现现代化的基础上，再奋斗十五年，把我国建成富强民主文明和谐美丽的社会主义现代化强国。,D,二〇二〇年二〇三五年,二〇三五年二〇五〇年,二〇三〇年二〇四五年,二〇三五年本世纪中叶
单选,"从全面建成小康社会到基本实现现代化，再到全面建成(    ),是新时代中国特色社会主义发展的战略安排 。",B,创新型国家,社会主义现代化强国,社会主义现代化大国,世界一流强国
单选,坚持和发展中国特色社会主义的总任务是（    ）。,C,建成社会主义,实现现代化,实现社会主义现代化和中华民族伟大复兴,实现共产主义
单选,实现中华民族伟大复兴，就是（   ）。,B,中华民族的现代梦想,近代以来中华民族最伟大的梦想,中华民族的古代梦想,中华民族的远大理想
单选,中国梦的本质是（   ）。,C,国家梦,民族梦,国家富强、民族振兴 、人民幸福,人民梦
单选,中国梦归根到底是（   ）。,B,国家梦,人民梦,民族梦,世界梦
单选,实现中国梦必须（   ）。,D,走资本主义道路,坚持资本主义制度,依靠外国力量,走中国道路、弘扬中国精神
单选,中国精神是（  ）。,C,资本主义精神,社会主义精神,爱国主义为核心的民族精神和以改革创新为核心的时代精神,革命主义精神
单选,中国道路是指（   ）。,A,中国特色社会主义道路,社会主义道路,资本主义道路,革命道路
单选,()是中华民族伟大复兴的形象表达。,C,革命胜利,社会主义,中国梦,中国特色社会主义
单选,党的领导是人民当家作主和依法治国的（）。,A,根本保证,基本保证,重要保证,根本支撑
单选,()是社会主义民主政治的本质特征。,C,依法治国,党的建设,人民当家作主,民主权利
单选,依法治国是党领导人民治理国家的（）。,B,根本方式,基本方式,基本原则,重要方针
单选,走中国特色社会主义政治发展道路，必须坚持正确() 。,D,特色道路,思想导向,政治定力,政治方向
单选,《中共中央关于深化党和国家机构改革的决定》通过于(),D,十九大,十九届一中全会,十九届二中全会,十九届三中全会
单选,我国是人民民主专政的社会主义国家，国家一切权力属于(),B,党,人民,公务员,工人阶级
单选,()是我国根本政治制度。,D,民族区域自治制度,政治协商制度,基层群众自治制度,人民代表大会制度
单选,具有中国特色的制度安排，是社会主义协商民主的重要渠道和专门协商机构的是（）。,A,人民政协,党代表大会,人民代表大会,人大常委会
单选,爱国统一战线是党的事业取得胜利的（），将继续巩固和发展。,C,主要动力,根本力量,重要法宝,基本思路
单选,全面贯彻党的宗教工作基本方针，要坚持我国宗教的()。,A,中国化,世界化,民族化,社会化
单选,()是解决历史遗留的香港、澳门问题的最佳方案。,B,港人治港,一国两制,澳人治澳,“九二共识”
单选,保持香港、澳门国际地位和解决其各种问题的金钥匙是(),B,民主,发展,自由,贸易
单选,维护和谐稳定的社会环境，要坚持（）为主体的“港人治港”，发展壮大爱国爱港爱澳力量。,D,中国公民,香港同胞,澳门同胞,爱国者
单选,()是两岸关系的政治基础。,D,和平统一,遏制台独,“九二共识”,一个中国原则
单选,()明确界定了两岸关系的根本性质，是确保两岸关系和平发展的关键。,B,两种制度,“九二共识”,高度自治,祖国完全统一
单选,“一国两制”的提出，首先是为了（）。,A,实现和维护祖国统一,解决香港问题,解决澳门问题,解决国外干预
单选,党的十九大进一步明确了决胜全面建成小康社会的战略安排。从现在到2020年是全面建成小康社会,D,关键期,过渡期,攻坚期,决胜期
单选,“四个全面”战略布局中具有突破性和先导性的关键环节是,B,全面建成小康社会,全面深化改革,全面依法治国,全面从严治党
单选,改革的倡导者、推动者、领导者是,D,人民,社会,政府,党
单选,我国改革开放之所以能取得巨大成功，关键是我们,A,把党的基本路线作为党和国家的生命线,坚持四项基本原则,坚持全面从严治党,坚持自力更生艰苦奋斗
单选,全面深化改革的出发点和落脚点是,C,解放和发展生产力,巩固党的执政地位,促进社会公平正义、增进人民福祉,破除一切不合时宜的思想观念和体制机制弊端
单选,十八届三中全会强调，紧紧围绕坚持（ ）深化政治体制改革,D,党的领导、人民当家作主、依法执政有机统一,人民当家作主、党的领导、依法行政有机统一,依法治国、人民民主 、党的领导有机统一,党的领导、人民当家作主、依法治国有机统一
单选,十八届三中全会强调，紧紧围绕（ ）深化生态文明体制改革,C,保护生态环境,建设生态中国,建设美丽中国,节约资源和保护环境
单选,十八届三中全会强调，紧紧围绕（ ）深化党的建设制度改革,B,提高战斗力、凝聚力,提高科学执政、民主执政、依法执政水平,提高先进性、纯洁性,提高拒腐防变和抵御风险的能力
单选,明确把依法治国确立为治理国家基本方略的是,A,十五大,十六大,十七大,十八大
单选,2014年（）通过了《关于全面推进依法治国若干重大问题的决定》，明确提出全面推进依法治国。,C,十八届二中全会,十八届三中全会,十八届四中全会,十八届五中全会
单选,建设中国特色社会主义法治体系，首先是要完善以()为核心的中国特色社会主义法律体系,B,法律,宪法,民法,刑法
单选,法律是治国之重器，（）是善治之前提。,A,良法,守法,立法,司法
单选,加强新时代党的建设，要以（）为统领,B,党的思想建设,党的政治建设,党的组织建设,党制度建设
单选,加强新时代党的建设，要以（）为根基,C,改进党的作风,完善党内制度,坚定理想信念宗旨,坚定政治方向
单选,()是政党第一位的属性,D,阶级属性,制度属性,社会属性,政治属性
单选,加强新时代对党的建设要把党的（）摆在首位,D,思想建设,制度建设,作风建设,政治建设
单选,()是党的基础性建设,C,政治建设,组织建设,思想建设,制度建设
单选,党的作风建设的核心是,B,党的团结统一,保持党同人民群众的血肉联系,为人民服务,强化政治纪律和组织纪律
单选,习近平强军思想深刻回答了,B,建设一支什么样的强大军队，怎样建设强大军队的时代课题,新时代建设一支什么样的强大军队，怎样建设强大军队的时代课题,建设一支什么样的军队，怎样建设军队的时代课题,新时代建设一支什么样的军队，怎样建设军队的时代课题
单选,军队最高领导权和指挥权属于党中央和中央军委，中央军委实行,B,集体负责制,主席负责制,个人负责制,分工负责制
单选,()标准始终是军事领域衡量利弊得失的重要标准,C,执行力,领导力,战斗力,凝聚力
单选,()是人民军队的立军之本,A,政治建军,改革强军,科技兴军,依法治军
单选,()是我军发展壮大、制胜未来的关键一招,B,政治建军,改革,科技,依法治军
单选,()是现代战争的核心战斗力,C,政治建军,改革,科技,依法治军
单选,我国军队最高领导权和指挥权属于,D,国家主席,全国人民代表大会,总理,党中央和中央军委
单选,()是党对军队绝对领导的最高实现形式,A,军委主席负责制,首长分工负责制,党委制,政治委员制
单选,我国人民军队党指挥枪原则落地生根的坚实基础是,A,支部建在连上,党委统一领导,党委集体领导,首长分工负责
单选,中国倡导的新型国际关系是相互尊重、公平正义和(),B,互相包容,合作共赢,互利共赢,共同发展
单选,中国坚定奉行（）的和平外交政策,C,独立发展,共同协商,独立自主,永不称霸
单选,当今时代主题是(),A,和平与发展,战争与革命,全球化,多极化
单选,中国支持（）体制，推动建设开放型世界经济,A,多边贸易,单边贸易,双边贸易,全球贸易
单选,中国将继续发挥负责任大国作用，积极参与（）改革与建设，不断贡献中国智慧和力量,C,联合国,世界贸易组织,全球治理体系,全球贸易体系
单选,社会信息化的一个重要标志是(),B,电脑的普及,互联网的飞速发展和广泛应用,无人操作的广泛应用,巨型计算机的研制
单选,中国积极促进（）国际合作，打造国际合作新平台，增添共同发展新动力,B,丝绸之路,一带一路,经济贸易,多边
单选,中国外交政策的宗旨是(),B,广交朋友,"维护世界和平,促进共同发展",促进自己发展,为中国崛起服务
单选,推动建立新型国际关系，要(),C,坚决维护社会主义意识形态,坚决反对霸权主义,坚决维护国家核心利益,坚决维护联合国宪章
单选,在中国的外交工作布局中，（）是首要,C,大国,发展中国家,周边,多边
单选,2015年9月，习近平在纽约联合国总部发表重要讲话，提出要构建新型国际关系，打造(),B,一带一路,人类命运共同体,和谐世界,世界经济统一体
单选,新时代中国共产党的历史使命是  (),B,实现民族独立,实现民族伟大复兴,实现共产主义,实现社会主义
单选,习近平总书记在十九大报告中指出，四个伟大中，起决定性作用的是  (),A,伟大工程,伟大斗争,伟大事业,伟大梦想
单选,改革开放以来党的全部理论和实践的主题是   (),C,共产主义理想,改革开放,中国特色社会主义,马克思主义中国化
单选,新时代中国特色社会主义思想，明确中国特色社会主义最本质的特征是(),C,“五位一体”总体布局,建设中国特色社会主义法治体系,中国共产党领导,人民利益为根本出发点
单选,党的一切工作以  （）     为最高标准。,A,最广大人民根本利益,经济发展,全体人民共同富裕,每个人的自由而全面发展
单选,()是党的根本性建设，决定党的建设方向和效果,A,政治建设,思想建设,组织建设,作风建设
单选,坚持和加强党的全面领导，以加强（）为主线,C,党的政治建设,坚定理想信念,党的长期执政能力建设、先进性和纯洁性建设,调动全党积极性、主动性、创造性
单选,新时代党的建设的根本方针是(),B,坚持和加强党的全面领导,坚持党要管党、全面从严治党,以加强党的长期执政能力建设、先进性和纯洁性建设为主线,以党的政治建设为统领
单选,统领党的建设的是(),A,政治建设,思想建设,组织建设,制度建设
单选,政党第一位的属性是(),A,政治性,思想性,阶级性,革命性
单选,党的政治建设的首要任务是(),A,保证全党服从中央，坚持党中央权威和集中统一领导,尊崇党章,完善和落实民主集中制的各项制度,加强党性锻炼，不断提高政治觉悟和政治能力
单选,党的基层组织建设的重点是(),B,提升领导力,提升组织力,提升凝聚力,激发党员活力
单选,我们党的最大政治优势是(),C,以马克思主义为指导,工人阶级的阶级基础,密切联系群众,自我革命
单选,党的作风建设的核心是(),A,保持党同人民群众的血肉联系,反“四风”,反腐倡廉,坚持党的优良作风
单选,严明党的纪律，首要的是严明(),A,政治纪律,组织纪律,工作纪律,群众纪律
单选,党内制度建设的根本依据是(),B,宪法,党章,党内法规,政治纪律和政治规矩
单选,从严治党的重中之重是(),D,政治建设,思想建设,制度建设,廉政建设和反腐败斗争
单选,实现中华民族伟大复兴关键在(),C,发展,改革开放,党,经济建设
单选,中国特色社会主义制度的最大优势是(),A,中国共产党的领导,马克思主义的指导,公有制为主体,人民代表大会制度
单选,“四个伟大”中，目标是(),A,伟大梦想,伟大斗争,伟大工程,伟大事业
单选,“四个伟大”中，手段是(),B,伟大梦想,伟大斗争,伟大工程,伟大事业
单选,“四个伟大”中，保障是(),C,伟大梦想,伟大斗争,伟大工程,伟大事业
单选,“四个伟大”中，主题是(),D,伟大梦想,伟大斗争,伟大工程,伟大事业
单选,最高政治领导力量是(),A,党,人大,政府,领袖
单选,坚持以人民为中心的导向深化文化体制改革，要坚持把()放在首位。,A,社会效益,经济效益,文化创造活力,文化管理体制
单选,形成人与自然和谐发展新格局，必须把（）放在首位。,B,坚持保护优先、自然恢复为主,节约资源,着力推进绿色发展、循环发展和低碳发展,形成节约资源和保护环境的空间格局 、产业结构、生产方式和生活方式
单选,()是当代中国哲学社会科学区别于其他哲学社会科学的根本标志。,C,坚持中国风格,坚持中国气派,坚持以马克思主义为指导,体现中国特色
单选,党的十九大明确了到本世纪中叶把我国建设成为富强民主文明和谐（）的社会主义现代化强国的目标。,D,绿色,安全,健康,美丽
单选,()是一个民族赖以维系的精神纽带，是一个国家共同的思想道德基础。,A,核心价值观,文化,理想,意识形态
单选,发展文化事业要坚持以（）主导。,B,市场,政府,社会,人民
单选,发展文化产业，要坚持以（）为中心的导向深化文化体制改革。,C,政府,社会,人民,市场
单选,()集中体现了一个国家基于文化而具有的凝聚力和生命力，以及由此产生的吸引力和影响力。,A,文化软实力,发达的文化产业,高度文化素养的国民,健康的文化事业
单选,()是中华民族永续发展的千年大计。,A,建设生态文明,发展教育事业,消除贫困,实施健康中国战略
单选,()是人与自然相处时应承担的重要责任。,B,尊重自然,保护自然,顺应自然,改造自然
单选,党的十八届五中全会坚持（ ）的发展思想，鲜明提出五大新的发展理念。,A,以人民为中心,以经济为中心,以发展为中心,以改革为中心
单选,()是引领发展的第一动力,C,改革,开放,创新,协调
单选,()是持续健康发展的内在要求,B,绿色,协调,创新,共享
单选,()是永续发展的必要条件,D,共享,创新,开放,绿色
单选,()是国家繁荣发展的必由之路,D,创新,协调,共享,开放
单选,()是中国特色社会主义的本质要求,A,共享,绿色,创新,协调
单选,()是注重解决发展动力问题,B,绿色,创新,开放,协调
单选,()是注重解决发展不平衡问题,A,协调,创新,绿色,开放
单选,()是注重解决人与自然的和谐问题,C,创新,协调,绿色,共享
单选,()是注重解决发展内外联动问题,B,创新,开放,协调,共享
单选,()是注重解决社会公平正义问题,A,共享,创新,协调,绿色
单选,坚持开放发展，就要奉行（）的开放战略,C,进出口平衡,引资引智引技并举,互利共赢,引进来
单选,建设（）经济体系是跨越关口的迫切要求和我国发展的战略目标。,B,信息化,现代化,工业化,智能化
单选,2017年中央经济工作会议指出，5年来，我们坚持观大势 、谋全局、干实事，成功驾驭了我国经济发展大局，在实践中形成了以新发展理念为主要内容的（）。,A,习近平新时代中国特色社会主义经济思想,习近平政治经济学,中国特色社会主义政治经济学,习近平新时代中国特色社会主义思想
单选,共享理念实质就是坚持（）的发展思想，体现的是逐步实现共同富裕的要求。,B,成果共享,以人民为中心,为人民服务,公平公正
单选,推进（），是适应和引领经济发展新常态的重大创新，是适应国际金融危机发生后综合国力竞争新形势的主动选择，是适应我国经济发展新常态的必然要求。,A,供给侧结构性改革,产业结构改革,区域协调发展,“五位一体”协调发展
单选,()是生态文明建设的必然要求，代表了当今科技和产业变革方向，是最有前途的发展领域。,B,协调发展,绿色发展,共享发展,环保产业
单选,必须坚持以人民为中心的发展思想，坚持（ ）的发展理念。,D,创新、协调、绿色、开放、可持续,创新、协调、绿色、开放,创新、协调、绿色、共享,创新、协调、绿色 、开放、共享
单选,坚持质量第一、效益优先，以（）为主线，推动经济发展质量变革、效率变革、动力变革，提高全要素生产率 。,A,供给侧结构性改革,经济发展方式,集约化经营,经济体制改革
单选,推进增长动能转换，以加快发展（）为重点全面提升实体经济。,B,绿色产业,先进制造业,科技创新产业,智能化产业
单选,推进增长动能转换，以加快发展先进制造业为重点全面提升（）。,A,实体经济,金融经济,数字经济,绿色经济
单选,深化要素市场化配置改革，实现由以价取胜向（）的转变,C,以效益取胜,以量取胜,以质取胜,以高科技取胜
单选,()是一国经济的立身之本，是财富创造的根本源泉，是国家强盛的重要支柱。,B,现代金融,实体经济,虚拟经济,民营经济
单选,建设（）是我国发展的战略目标，也是转变经济发展方式、优化经济结构、转换经济增长动力的迫切要求。,A,现代化经济体系,中国特色社会主义市场经济,社会主义市场经济体系,现代化市场体系
单选,关于转方式调结构的重点任务，《中共中央关于制定国民经济和社会发展第十三个五年规划的建议》提出了具体要求，关键是要实现（）的发展。,C,可持续,集约型,有质量、有效益,稳增长
单选,我国经济已由高速增长阶段转向（）发展阶段，正处在转变发展方式、优化经济结构、转换增长动力的（）。,A,高质量 攻关期,中高速 深水区,高水平 攻坚期,高效益 转型期
单选,十九大报告指出，我国经济已由（）阶段转向（）阶段 。,B,中高速增长 高质量发展,高速增长 高质量发展,中低速增长 高水平发展,低速增长 高水平发展
单选,建设现代化经济体系，必须把发展经济的着力点放在()上。,A,实体经济,民生经济,质量提高,增长速度
单选,建设现代化经济体系，必须把提高（）质量作为主攻方向，显著增强我国经济质量优势。,C,经济发展,产业体系,供给体系,民生经济
单选,十九大报告强调，要激发和保护（），鼓励更多社会主体投身创新创业。,B,创新精神,企业家精神,工匠精神,劳模精神
单选,构建（）新型政商关系，促进非公有制经济健康发展和非公有制经济人士健康成长。,A,亲清,亲密,亲融,亲近
单选,5年来，我们坚持适应我国经济发展主要矛盾变化完善宏观调控，相机抉择，开准药方，把推进（）作为经济工作的主线。,B,社会主义市场经济体制改革,供给侧结构性改革,“三去一降一补”,转变发展方式
单选,( )是最大的民生。,A,就业,教育,安全,健康
单选,带领人民群众创造幸福生活，要坚持以人民为中心的发展思想，以（  ）为重点，发展各项社会事业。,C,优先发展教育,精准扶贫、精准脱贫,保障和改善民生,创新社会治理体制
单选,坚持国家安全观，必须坚持国家利益至上，以（   ）为宗旨。,B,国土安全,人民安全,国民安全,内部安全
单选,坚持国家安全观，必须坚持国家利益至上，以（   ）为根本。,D,社会安全,人民安全,经济安全,政治安全
单选,每年的4月15日是(   ),D,公民道德宣传日,中国消防宣传日,中国法制宣传日,全民国家安全教育日
多选,毛泽东思想、中国特色社会主义理论体系是马克思主义中国化的成果，它们都：(     ),ABD,体现了马克思列宁主义的基本原理,包含了中国共产党人的实践经验,揭示了中国革命的特殊规律,包含了中华民族的优秀思想
多选,中国特色社会主义理论体系是同马克思列宁主义、毛泽东思想、邓小平理论一脉相承而又与时俱进的科学理 论，这是因为：(      ),ABCD,它们拥有共同的理论基础,它们都贯穿了辩证唯物主义和历史唯物主 义的世界观和方法论,它们具有相同的社会理想,它们具有与时俱进的理论品质
多选,下列各项中，体现了毛泽东思想在解放战争时期和中华人民共和国成立以后继续得到发展的有：(       ),ABCD,形成了人民民主专政的理论,阐述了新民主主义向社会主义转变的思想,论述了社会主义社会的基本矛盾,提出了正确区分和处理两类不同性质矛盾的学说
多选,毛泽东思想的历史地位和指导作用主要表现在( ),ABCD,是夺取中国革命胜利的理论武器,是社会主义中国立国建国的思想政治基础,是对马列主义的丰富和发展,是建设有中国特色社会主义理论的思想渊源和理论先导
多选,中国特色社会主义理论体系是(      ),ABCD,马克思主义基本原理与当代中国实践和时 代特征相结合的产物,毛泽东思想的继承和发展,中国共产党集体智慧的结晶,马克思主义中国化的第二个重大理论成果
多选,三大作风是中国共产党区别其他政党的显著标志，这三大作风是(  ),ABC,理论联系实际的作风,密切联系群众的作风,批评与自我批评的作风,谦虚谨慎的作风
多选,马克思主义中国化的科学内涵是指（    ）。,ABC,运用马克思主义理论解决中国的具体问题,将中国革命的实践经验、历史经验提升为理论,把马克思主义融入中国优秀文化之中,实现中国优秀文化的创造性转换
多选,邓小平说：“马克思主义必须是同中国实际相结合的马克思主义，社会主义必须是切合中国实际的有中国特色的社会主义。”这句话应当理解为(    ),ACD,马克思主义必须中国化,必须以实用化的态度对待马克思主义,社会主义必须具有中国特色,离开中国实际谈马克思主义没有意义
多选,马克思主义之所以要实现中国化的原因在于（    ）。,ABC,马克思主义理论的内在要求,马克思主义与中华民族优秀文化具有相融性,中国革命建设和改革的实践需要马克思主义指导,马克思主义为中国革命建设和改革提 供了现实发展模式
多选,毛泽东思想是（    ）。,ABC,马克思列宁主义在中国的运用和发展,被实践证明了的关于中国革命和建设的正确的理论原则和经验总结,中国共产党集体智慧的结晶,毛泽东一生思想与实践的完整体现
多选,毛泽东思想的活的灵魂，是贯穿于毛泽东思想全部内容及其各个部分的立场、观点和方法。主要包括的基本方面是（    ）。,ABD,实事求是,群众路线,统一战线,独立自主
多选,中国特色社会主义理论体系回答的基本问题有(    ),ABC,什么是社会主义，怎样建设社会主义,建设什么样的党，怎样建设党,实现什么样的发展、怎样发展,解放生产力，发展生产力
多选,科学发展观与毛泽东思想、邓小平理论和“三个代表”重要思想是一脉相承的统一的科学理论。这种一脉相承具体表现在(    ),ABD,都坚持辩证唯物主义和历史唯物主义世界观,都具有与时俱进的理论品质,都提出物质文明和精神文明并举的原则,都坚持为最广大人民群众的根本利益服务的宗旨
多选,胡锦涛在庆祝中国共产党成立90周年大会上的讲话指 出：经过90年的奋斗、创造、积累，党和人民必须倍加珍惜、长期坚持、不断发展的成就是（    ）。,ABC,开辟了中国特色社会主义道路,形成了中国特色社会主义理论体系,确立了中国特色社会主义制度,实现了思想的大解放
多选,解放思想的科学含义是（  ）。,ABCD,在马克思主义的指导下打破习惯势力的束缚,在马克思主义的指导下坚持实事求是， 一切从实际出发,在马克思主义的指导下研究新情况，解决新问题,在马克思主义的指导下破除教条主义和本本主义的束缚
多选,解放思想、实事求是集中体现了( )。,ABCD,辩证唯物主义和历史唯物主义的统一,马克思主义的科学世界观和方法论的统一,党的思想路线与辩证唯物主义认识论的统一,唯物论、辩证法和认识论的统一
多选,实事求是思想路线的重新确立和发展对我国革命和建设具有非常重大的理论意义和实践意义，主要包括：( ),ABCD,有力地推动和保证了拨乱反正地顺利进行,有利地推动和保证了全面改革的进行,解决了关系我们党和国家前途命运的重大政治问题，为我们党永葆生机提供了科学的精神法宝,使我们党成功找到了在经济文化落后的中国建设社会主义的正确道路
多选,与时俱进，就是党的全部理论和工作要（  ）。,ABD,体现时代性,把握规律性,完全符合马克思主义,富于创造性
多选,党的思想路线的基本内容是( )。,ABD,解放思想，实事求是,一切从实际出发，理论联系实际,相信群众，依靠群众,坚持实践是检验真理的唯一标准
多选,马克思主义中国化的必要性是(      ),AB,是解决中国实际问题的客观需要,是马克思主义理论发展的内在要求,是领导人意志的反映,是学习西方的需要
多选,以下属于毛泽东对人民军队建设做出的贡献的是：( ),BCD,创建了中国共产党领导的第一支军队,规定了为人民服务是人民军队的唯一宗旨,规定党指挥枪的原则,制定三大纪律八项注意
多选,群众路线的主要内容：(      ),ABCD,A.一切为了群众,一切依靠群众,从群众中来,到群众中去
多选,中国特色社会主义理论体系形成的条件包括(      ),ABCD,A.和平与发展成为时代主题,B.改革开放和现代化建设面临新的实践,C.总结我国自身建设经验,D.汲取其它社会主义国家经验教训
多选,下面属于毛泽东思想科学体系内容的是,ABCD,关于新民主主义革命的理论   关于社会主义革命和社会主义建设的理论,,关于革命军队的建设和军事战略的理论,关于党的建设理论
多选,"贯穿于毛泽东思想各个组成部分的立场、观点和方法,是毛泽东思想的活的灵魂,其基本方面有(   )",BCD,解放思想,实事求是,独立自主,群众路线
多选,近代中国半殖民地半封建的社会性质，规定了   (  ),ABC,中国革命的主要对象是帝国主义和封建主义,中国革命的性质是资产阶级民主革命,中国革命的动力包括工人、农民、小资产阶级和民族资产阶级,中国革命的前途是由新民主主义走向社会主义
多选,毛泽东在《目前形势和我们的任务》 一文中提出的新民主主义的经济纲领包括( ),ABD,没收封建地主阶级的土地归农民所有,没收官僚资本归新民主主义国家所有,平均地权,保护民族工商业
多选,新民主主义革命的动力包括：,ABCD,无产阶级,农民阶级,民族资产阶级,城市小资产阶级
多选,中国革命走农村包围城市、武装夺取政权的道路，必须处理好哪三者之间的关系( ),ABC,土地革命,武装斗争,根据地建设,统一战线
多选,新民主主义革命就是“新式的、特殊的资产阶级民主主义革命”，它的基本特点是  (  ),ABCD,它有新的领导阶级即无产阶级,它有新的指导思想即马克思主义,它属于世界无产阶级革命的一部分,它有了新的前途，经过新民主主义革命进而达到社会主义的目标
多选,新民主主义革命的主要对象是：(  ),ABC,帝国主义,封建主义,官僚资本主义,民族资产阶级
多选,在新民主主义革命对象问题中，正确的认识有,AD,帝国主义、封建主义在整个新民主主义革命时期都是革命的对象,土地革命后期官僚资本主义被作为革命对象,官僚资本主义一直是革命的对象,解放战争时期官僚资本主义被作为革命对象
多选,没收官僚资本归新民主主义国家所有,ABD,具有民主革命和社会主义革命的双重性质,是新民主主义革命的题中应有之义,这是因为它是资本主义,没收它建立起具有社会主义性质的国营经济，为实现向社会主义过渡奠定坚实基础
多选,中国的新民主主义革命是新式的特殊的资产阶级民主主义革命，这个“新式的特殊的”具体表现为( ),AB,发生在十月革命之后,领导阶级和指导思想的根本变化,反帝反封建,目标是建立社会主义国家
多选,1928年毛泽东在《中国的红色政权为什么能够存在？》一文中论述了中国红色政权发生、发展的原因，其主观条件有( ),AD,有相当力量的正式红军存在,中国政治经济发展不平衡,国民革命政治影响的存在和全国革命形势的继续发展,中国共产党的正确领导
多选,新民主主义革命属于  ( ),AD,资产阶级民主革命性质,无产阶级社会主义革命性质,世界资产阶级革命范畴,世界无产阶级革命范畴
多选,中国新、旧民主主义革命的不同点是( ),BCD,革命对象不同,革命前途不同,革命领导阶级不同,革命指导思想不同
多选,近代中国社会的阶级结构是“两头小中间大”，“两头 ”是指( ),AC,无产阶级,农民阶级,地主大资产阶级,城市小资产阶级
多选,毛泽东在《新民主主义论》中指出：“我们共产党人，多年以来，不但为中国的政治革命和经济革命而奋斗，而且为中国的文化革命而奋斗； 一切这些的目的，在于建设一个中华民族的新社会和新国家。在这个新社会和新国家中，不但有新政治、新经济，而且有新文化。”这里提到的“新文化”的内涵是,ABCD,民族的文化,科学的文化,大众的文化,中国化的文化
多选,中国无产阶级作为新民主主义革命的领导阶级，除了具有国际无产阶级的一般优点外，还具有由中国国情决定的特殊优点。这些特殊优点包括(,BCD,没有私人占有的生产资料,身受三重压迫和剥 削，最富有革命的坚定性和彻底性,分布集中,和农民有着天然的联系
多选,中国革命要领导革命取得胜利，必须不断加强党的(),ABC,作风建设,思想建设,组织建设,文化建设
多选,毛泽东提出的“工农武装割据”思想主要是指（ ）密切结合的思想,ABD,土地革命,武装斗争,独立自主,农村革命根据地建设
多选,中国红色政权存在和发展的条件有(),ABCD,近代中国社会政治经济发展的不平衡,革命的群众基础好,全国革命形势的继续向前发展,相当力量的正式红军的存在；党的领导的有力量及其政策的不错误
多选,中国共产党在中国革命中战胜敌人的三个法宝:  ( ),BCD,游击战,武装斗争,党的建设,统一战线
多选,近代中国社会主要矛盾是：( ),AB,帝国主义和中华民族的矛盾,封建主义和人民大众的矛盾,资产阶级和无产阶级的矛盾,资产阶级和农民之间的矛盾
多选,新民主主义革命时期，中国共产党对民族资本主义实行保护政策，主要原因是  (),ABCD,由新民主主义革命性质决定的,由民族资本的特点决定的,由民族资产阶级在民主革命中的表现决定的,巩固和扩大统一战线的需要
多选,没收官僚资本归新民主主义国家所有   (),ACD,这是新民主主义经济纲领中的一项重要内容,这是因为它是资本主义,具有民主革命和社会主义革命的双重性质,对于新中国社会经济的发展具有举足轻重的作用
多选,集中体现毛泽东探索中国社会主义建设道路所取得的理论成果的著作有(),CD,《中国人民站起来了 》,《论人民民主专政》,《论十大关系》,《关于正确处理人民内部矛盾》
多选,在探索社会主义建设道路的初期，以毛泽东为代表的党的第一代领导人在经济体制和管理制度上提出的思想有(),ABCD,“三个主体，三个补充”的思想,消灭资本主义，又搞资本主义,实行农业生产责任制,发展社会主义商品生产，重视价值规律
多选,毛泽东在《关于正确处理人民内部矛盾的问题》中认为社会主义社会两类不同性质的矛盾是(),CD,生产关系和生产力的矛盾,上层建筑和经济基础之间的矛盾,敌我矛盾,人民内部矛盾
多选,在社会主义改造基本完成以后，正确处理人民内部矛盾的具体方针是(),ABCD,经济上实行“统筹兼顾、适当安排”,政治上实行团结—批评—团结,科学文化上实行“百花齐放、百家争鸣”,共产党和各民主党派关系上实行“长期共存、互相监督 ”
多选,毛泽东指出，从建设社会主义基本制度到建成一个伟大的社会主义国家，至少需要五十年到一百年的时间，这是由于(),ABCD,我国进入社会主义的特殊历史条件决定的,我国的现实状况决定的,我国现代化建设所处的国际环境和时代特点决定的,社会发展的自身规律决定的
多选,上个世纪60年代，党提出了实现四个现代化的战略目标，并提出了要分两步走的发展战略，这两步走是指	(),AB,第一步，用15年的时间，即在1980年以 前，建成一个独立的比较完整的工业体系和国民经济体系,第二步，在本世纪 内，全面实现工业、农业、国防和科学技术的现代化，使我国国民经济走在世界的前列,不发达的社会主义,比较发达的社会主义
多选,下列关于社会主义矛盾的说法中正确的有(),BCD,社会主义基本矛盾是对抗性的矛盾,社会主义存在阶级矛盾和人民内部矛盾两种矛盾,在社会主义条件下，阶级矛盾基本结束，但还没有完全结束,社会主义基本矛盾可以通过社会主义 制度自身得到解决
多选,下列关于党在五六十年代探索社会主义的发展阶段的说法中正确的(),ABC,社会主义可以分成不发达的社会主义和比较发达的社会主义两个阶段,中国处于不发达的社会主义阶段，比较发达的社会主义要比不发达的社会主义阶段需要更长的时间,我国当前人口多，底子薄，要建成比较发达的社会主义至少需要五十年至一百年的时间,社会主义在中国将很快建成，共产主义很快就会实现
多选,中国共产党领导中国人民对社会主义建设道路的初步探索，在理论和实践上取得了一系列成果，其重要意义在于(),ABC,巩固和发展了我国的社会主义制度,为开创中国特色社会主义提供了宝贵经验 、理论准备、物质基础,丰富了科学社会主义的理论和实践,能够直接指导改革开放新时期的现代化建设
多选,在中共八大上，陈云提出了关于我国社会主义经济体制的设想，主要包括“三个主体，三个补充”的思想，它们是(),BCD,以国营经济为主体， 以私营经济为补充,以国家与集体经营为主体，以个体经营为补充,以计划生产为主体，以自由生产为补充,以国家市场为主 体，以自由市场为补充
多选,苏联模式存在的弊端有(),BC,生产的无计划性,国民经济比例失调,管理体制的高度集中和统一,优先发展农业
多选,我国社会主义四个现代化是(),ABD,现代农业和现代国防,现代科学技术,现代教育,现代工业
多选,毛泽东在《论十大关系》中，论述了在政治方面要处理好如下关系(),ABCD,汉族和少数民族的关系,革命与反革命的关系,中国与外国的关系,党与非党的关系和是非关系
多选,毛泽东论述中国工业化道路涉及(),BC,汉族与少数民族的关系问题,农、轻、重的比例关系问题,沿海工业和内地工业的关系问题,经济建设和国防建设的关系问题
多选,毛泽东在《关于正确处理人民内部矛盾的问题》中提出了(),AC,社会主义基本矛盾学说,中国工业化道路,社会主义社会的两类社会矛盾学说,阶级斗争的理论
多选,我国社会主义初级阶段的含义是( ),AB,我国已经是社会主义社会,我国的社会主义正处于初级阶段,任何国家进入社会主义社会必须经历的起始阶段,大多数国家进入社会主义都需要经历的阶段
多选,党在社会主义初级阶段基本路线的内容有(),ABCD,以经济建设为中心,坚持四项基本原则C.坚持改革开放,"自力更生,艰苦创业","把我国建设成为富强,民主,文明、和谐、美丽的社会主义现代化国家"
多选,“什么是社会主义，怎样建设社会主义”是,CD,社会主义的根本问题,是党的思想路线问题,社会主义首要的基本理论问题,邓小平理论的基本问题
多选,在改革中，我们必须坚持（）原则,AC,以社会主义公有制为主体,多种所有制为主体,共同富裕,以经济建设为中心
多选,关于我们党的思想路线的说法，正确的是(),ABCD,解放思想，实事求是,是邓小平理论的活的灵魂,是邓小平理论的精髓,体现了辩证唯物主义和历史唯物主义的世界观方法论
多选,邓小平提出的“三个有利于”标准是：,ABC,是否有利于发展社会主义社会的生产力,是否有利于增强社会主义国家的综合国力,是否有利于提高人民的生活水平,是否有利于加强党的领导
多选,关于改革的说法正确的是：,ABCD,是新时期最鲜明的特点,是社会主义制度的自我完善和发展,是从根本上改变发展的经济体制,是社会主义发展的直接动力
多选,“计划经济不等于社会主义，资本主义也有计划；市场经济不等于资本主义，社会主义也有市场”。邓小平这一论断的内涵是,BC,计划和市场都属于社会基本制度的范畴,计划和市场都是资源配置的方式,计划和市场不是社会主义与资本主义的本质区别,计划和市场是不能兼容的
多选,邓小平理论形成的条件有(),ABC,和平与发展成为时代主题,社会主义建设得到经验教训,改革开放和现代化建设的实践,新时代新任务
多选,社会主义建设初步探索中我们犯了不少错误，走了不少弯路，主要有(),AB,经济上急于求成、盲目求纯和急于过渡,在政治上坚持以阶级斗争为纲,文化上坚持多样性发展,社会建设协调发展
多选,社会主义的本质是(),ABCD,解放生产力，发展生产力,消灭剥削,消除两极分化,最终达到共同富裕
多选,“一个中心、两个基本点”具体是指(),ABD,以经济建设为中心,坚持四项基本原则,坚持自力更生,坚持改革开放
多选,“三个代表”重要思想深化了对中国特色社会主义的认识，表现在,AC,进一步回答了什么是社会主义，怎样建设 社会主义的问题,明确提出了解放思想 、实事求是的思想路线,创造性地回答了建设一个什么样的党，怎样建设党的问题,确定了党在社会主义初级阶段的基本路线
多选,“三个代表”重要思想是我们的(  ),ABC,立党之本,执政之基,力量之源,兴旺之源
多选,“三个代表”的主要内容是(    ),ABC,代表中国先进社会生产力的发展要求,代表中国先进文化的前进方向,代表中国最广大人民的根本利益,代表世界社会主义发展潮流
多选,党必须解决好的两大历史性课题是(  ),AB,进一步提高党的领导水平和执政水平,提高拒腐防变和抵御风险的能力,扩大党员的数量,进行干部队伍的新老交替
多选,中国共产党是(),ACD,工人阶级的先锋队,农民阶级的先锋队,中国人民的先锋队,中华民族的先锋队
多选,贯彻“三个代表”重要思想要求(),ABC,核心在保持党的先进性,关键在坚持与时俱进,本质在坚持执政为民,坚持全民利益
多选,关于党始终代表中国最广大人民的根本利益说法正确的是：,ABCD,党和国家的一切工作和方针政策，都要以是否符合最广大人民群众的根本利益为最高衡量标准,要努力使工人、农民 、知识分子和其他群众共同享受到经济社会发展的成果,只有这样，我们的改革和建设才能始终获得最广泛最可靠的群众基础和力量源泉,党的一切工作，必须以最广大人民的根本利益为最高标准
多选,“三个代表”重要思想的形成条件主要有(),ABCD,对冷战结束后国际局势科学的判断,科学判断党的历史方位,总结历史经验,建设中国特色社会主义的伟大实践
多选,加强文化建设，必须(),ABCD,以科学的理论武装人,以正确的舆论引导人,以高尚的精神塑造人,以优秀的作品鼓舞人
多选,党的十七大报告指出，深入贯彻落实科学发展观，必须坚持,ABCD,把发展作为党执政兴国的第一要务,以人为本,全面协调可持续发展,统筹兼顾
多选,科学发展观基本要求是指  (  ),ABC,全面,协调,可持续,综合
多选,科学发展观是对党的三代中央领导集体关于发展的重要思想的继承和发展，是(  ),ABCD,马克思主义关于发展的世界观和方法论的集中体现,同马克思列宁主义、毛泽东思想、邓小平理论和“三个代表”重要思想既一脉相承又与时俱进的科学理论,我国经济社会发展的重要指导方针,我国文化发展的重要指导方针
多选,如下关于坚持以人为本正确的是：,ABCD,以最广大人民的根本利益为本,坚持发展为了人民,坚持发展依靠人民,坚持发展成果由人民共享
多选,坚持可持续发展，必须走（  ）的文明发展道路,ABC,生产发展,生活富裕,生态良好,共享
多选,统筹兼顾就是要统筹( ),ABCD,城乡发展、区域发展,经济社会发展,人与自然和谐发展,国内外发展和对外开放
多选,关于构建社会主义和谐社会说法正确的是(),ABC,构建社会主义和谐社会的总要求是民主法治、公平正义、诚信友爱、充满活力、安定有序、人与自然和谐相处,社会和谐是中国特色社会主义的本质,既要从“大社会”着眼，又要从“小社会 ”着手,是在党的十九大提出的
多选,科学发展观最鲜明的精神实质是( ),ABCD,解放思想,实事求是,与时俱进,求真务实
多选,科学发展观同邓小平理论、“三个代表”重要思想在( ) 一以贯之,ABCD,理论主题,思想基础,政治理想,根本立场
多选,十八大以来，我国取得的成就是：,ABCD,全方位的,开创性的,深层次的,根本性的
多选,中国特色社会主义进入了新时代，我国社会主要矛盾已经转化为（   ）与（  ）之间的矛盾,BD,人民日益增长的物质文化需要,人民日益增长的美好生活需要,落后的社会生产,不平衡不充分的发展
多选,中国特色社会主义进入了新时代，作出这个重大政治判断的依据包括：(  ),ABCD,党的十八大以来我国社会取得的历史性成就,十八大以来我国社会发生的历史性变革,我国社会主要矛盾运动的必然结果,党团结带领人民开创光明未来的必然要求
多选,中国特色社会主义进入了新时代，在以下哪几个方面具有重大意义：(  ),BCD,在发展中国家发展史上,在中华人民共和国发展史上,在中华民族发展史上,在世界社会主义发展史上
多选,坚持和发展中国特色社会主义，是改革开放以来我们党全部理论和实践的（  ），也是习近平新时代中国特色社会主义思想的(  ),AD,鲜明主题,主要特色,基本内容,核心要义
多选,坚持和发展什么样的中国特色社会主义，体现的特色包括(  ),ABCD,实践特色,理论特色,民族特色,时代特色
多选,怎样坚持和发展中国特色社会主义，深刻揭示了新时代中国特色社会主义的(  ),ABC,本质特征,发展规律,建设路径,时代要求
多选,体现习近平新时代中国特色社会主义思想理论与实践统一的是(  ),BC,五位一体,“八个明确”,“十四个坚持”,四个全面
多选,习近平新时代中国特色社会主义思想,ABCD,与前人理论既一脉相承又与时俱进,马克思主义中国化的新飞跃,当代中国马克思主义,21世纪马克思主义
多选,习近平新时代中国特色社会主义思想，具有(  ),ABC,无比深厚的现实基础,十分鲜明的实践特色,是新时代党和人民共同奋斗的精神旗帜,浓厚的民族特色
多选,旗帜问题事关党的正确方向，决定着党的(  ),BCD,实践力,凝聚力,引领力,战斗力
多选,习近平新时代中国特色社会主义思想是（  ）的集中体现,ABC,党的意志,国家意志,人民的意志,群众的意志
多选,坚持党中央权威和集中统一领导，要增强(  ),ABCD,政治意识,大局意识,核心意识,看齐意识
多选,全党要更加自觉地增强（  ）既不走封闭僵化的老路，也不走改旗易帜的邪路，保持政治定力，坚持实干兴邦，始终坚持和发展中国特色社会主义。,ABCD,道路自信,制度自信,理论自信,文化自信
多选,新时代中国特色社会主义思想，是（  ）必须长期坚持并不断发展。,ABCD,对马克思列宁主义、毛泽东思想、邓小平理论、“三个代表”重要思想、科学发展观的继承和发展,马克思主义中国化最新成果,马克思主义中国化的新飞跃,全党全国人民为实现中华民族伟大复兴而奋斗的行动指南
多选,中国梦的本质是（   ）。,ABC,国家富强,民族振兴,人民幸福,天下大同
多选,实现中国梦必须（  ）。,BCD,走资本主义道路,走中国道路,弘扬中国精神,凝聚中国力量
多选,坚持和发展中国特色社会主义的总任务是（  ） 。,CD,发展生产力,改革开放,实现社会主义现代化,实现中华民族伟大复兴
多选,中国精神包括（）。,BC,世界精神,民族精神,时代精神,人民精神
多选,(   )是中华民族绵延数千年的理想。,AB,天下太平,共享大同,实现现代化,称霸世界
多选,到21世纪中叶，要把我国建设成为（   ）  的社会主义现代化强国。,ABCD,富强,民主,文明,和谐美丽
多选,中国特色社会主义政治发展道路是近代以来中国人民长期奋斗（）必然结果。,ABD,历史逻辑,理论逻辑,思维逻辑,实践逻辑
多选,走中国特色社会主义政治发展道路，必须坚持（）有机统一。,ACD,党的领导,从严治党,人民当家作主,依法治国
多选,坚持党的领导，就要发挥党（）的领导核心作用。,BC,统筹规划,总揽全局,协调各方,顶层设计
多选,按照《中共中央关于深化党和国家机构改革的决定》，要构建（）的党和国家机构职能体系。,ABC,系统完备,科学规范,运行高效,集中统一
多选,我国是（）社会主义国家，国家一切权力属于（）。,ABCD,工人阶级领导的,以工农联盟为基础的,人民民主专政的,人民
多选,我国社会主义民主是维护人民根本利益（）的民主。,ABD,最广泛,最真实,最有力,最管用
多选,协商民主是中国社会主义民主政治的（）和（）。,AC,特有形式,特殊模式,独特优势,特别内容
多选,()属于我国的基本政治制度。,ABD,中国共产党领导的多党合作和政治协商制度,民族区域自治制度,协商民主,基层群众自治制度
多选,人民政协工作要聚焦党和国家中心任务，围绕（）两大主题。,AB,团结,民主,自由,协商
多选,完善基层民主制度，要促进群众在城乡社区治理、基层公共事务和公益事业中依法（）。,ABCD,自我管理,自我服务,自我教育,自我监督
多选,巩固和发展爱国统一战线，坚持（），支持民主党派按照中国特色社会主义参政党要求更好履行职能。,ABCD,长期共存,互相监督,肝胆相照,荣辱与共
多选,处理好民族问题、做好民族工作，必须坚持（）。,ABCD,中国共产党的领导,维护祖国统一,各民族一律平等,民族区域自治制度
多选,“一国”是实行“两制”的（）和（）。,AC,前提,条件,基础,原则
多选,“一国两制”是一个完整的概念，其中，“两制”()和（）于“一国”，并统一于“一国”之中。,BD,包含,从属,内置,派生
多选,香港、澳门依照基本法实行（）。,ABC,“港人治港”,“澳人治澳”,高度自治,全面管治
多选,中国共产党和中国政府的三大历史任务是（）。,ABD,实现推进现代化建设,完成祖国统一、实现共产主义,实现中华民族伟大复兴,维护世界和平与促进共同发展
多选,()是解决台湾问题的基本方针，也是实现国家统一的最佳方式。,AC,和平统一,挫败分裂,一国两制,携手共圆中国梦
多选,中国共产党领导的爱国统一战线包括(),ABCDE,各民主党派和各人民团体,全体社会主义劳动者,社会主义事业的建设者,拥护社会主义的爱国者
多选,全面小康有更高的标准、更丰富的内涵、更全面的要求，包括,ABCD,经济更加发展,民主更加健全,科教更加进步,文化更加繁荣
多选,全面建成小康社会，更重要、更难做到的是“全面”。 “小康”讲的是发展水平，“全面”讲的是发展的,BCD,充分性,平衡性,协调性,可持续性
多选,全面建成小康社会的重要举措有,ABCD,坚决打好防范化解重大风险攻坚战,坚决打好精准脱贫攻坚战,坚决打好污染防治攻坚战,确保经济社会持续健康发展
多选,坚决打好防范化解重大风险攻坚战。高度重视（）等领域存在的风险隐患,ABCD,金融,地方债务,信息安全,社会稳定
多选,坚决打好精准脱贫攻坚战，要坚持（）基本方略,AC,精准扶贫,精确扶贫,精准脱贫,精确脱贫
多选,要把握和处理好全面深化改革的一些重大关系，包括处理好,ABCD,解放思想和实事求是的关系,整体推进和重点突破的关系,顶层设计和摸着石头过河的关系,胆子要大和步子要稳的关系
多选,改革、发展与稳定的关系是,ACD,改革是动力,稳定是目的,发展是关键,稳定是前提
多选,正确处理改革、发展、稳定关系需要,ABCD,把改革的力度、发展的速度和社会可承受的程度统一起来,把改善人民生活作为正确处理改革发展稳定关系的结合点,在保持社会稳定中推进改革发展,通过改革发展促进社会稳定
多选,全面深化改革的总目标是,BC,提高改革的系统性、整体性、协同性,完善和发展中国特色社会主义制度,推进国家治理体系和治理能力现代化,激发社会活力和创造力
多选,坚持中国特色社会主义法治道路必须,ABCD,坚持中国共产党的领导,坚持人民在全面依法治国中的主体地位,坚持法律面前人人平等,坚持依法治国和以德治国相结合
多选,全面依法治国，总目标是,CD,完善中国特色社会主义法律体系,深化依法治国实践,建设中国特色社会主义法治体系,建设社会主义法治国家
多选,全面依法治国必须坚持厉行法治，推进,ABCD,科学立法,严格执法,公正司法,全民守法
多选,加强新时代党的建设，要把党建设成为始终走在时代前列（）的马克思主义执政党,ABCD,人民衷心拥护,勇于自我革命,经得起各种风浪考验,朝气蓬勃
多选,新时代党的建设的根本方针是,AD,坚持党要管党,旗帜鲜明讲政治,深化标本兼治,全面从严治党
多选,党的政治建设的首要任务是,BD,保证地方服从中央,保证全党服从中央,坚定执行党的政治路线,坚持党中央权威和集中统一领导
多选,党在新时代的强军目标是建设一支（）人民军队,ACD,听党指挥,能战能平,能打胜仗,作风优良
多选,党对军队的绝对领导是,ABCD,人民军队建军之本、强军之魂,是中国特色社会主义的本质特征,是人民军队战无不胜的根本保证,是党和国家的政治优势
多选,新时代要保证军队对党的,BCD,绝对服从,绝对忠诚,绝对纯洁,绝对可靠
多选,党对军队的绝对领导的原则和制度,ABD,发端于南昌起义,奠基于三湾改编,定型于遵义会议,定型于古田会议
多选,党对军队的绝对领导包括一系列制度，这些制度主要是,ABCD,军队最高领导权属于党中央和中央军委，中央军委实行主席负责制,实行党委制、政治委员制、政治机关制,实行党委统一领导下的首长分工负责制,实行支部建在连上
多选,党的十九大对全面推进国防和军队现代化作出的新的战略是,BCD,到2020年，国防和军队建设要基本实现现代化，信息化建设取得重大进展，战略能力有大的提升,到2035年，基本实现国防和军队现代化，,到2020年，国防和军队建设要基本实现机械化，信息化建设取得重大进展，战略能力有大的提升,到本世纪中叶，把人民军队全面建成世界一流军队
多选,改革后的我军兵种主要包括,ABCDE,陆军,海军,空军,火箭军
多选,加快形成军民融合深度发展格局，需要做到,ABCDE,坚持全国一盘棋,健全体制机制,强化战略规划,突出重点领域
多选,()是当今不可阻挡的时代潮流,ABCD,和平,发展,合作,共赢
多选,当前，世界经济仍处于深度调整期，（）同高失业、高债务、高泡沫等风险交织,BCD,低发展,低增长,低通胀,低需求
多选,中国走和平发展道路的自信和自觉，来源于(),ABCD,中华文明的深厚渊源,对实现中国发展目标条件的认识,对世界发展大势的把握,对中国发展成就的自豪
多选,新型国际关系，新在(),BCD,结伴而不结盟,相互尊重,公平正义,合作共赢
多选,中国始终把坚决维护（）作为外交工作的基本出发点和落脚点,ACD,国家安全,社会主义意识形态,国家主权,发展利益
多选,中国外交工作布局是(),ABCD,周边是首要,大国是关键,多边是舞台,发展中国家是基础
多选,推动构建人类命运共同体，其核心是建设（）的世界,ABCD,持久和平,普遍安全,共同繁荣,开放包容、清洁美丽
多选,当今世界，各国应该树立（）的新安全观,ABCD,共同,综合,合作,可持续
多选,为推动构建人类命运共同体，在经济上要推动经济全球化朝着（）的方向发展,ABCD,开放,包容,普惠、平衡,共赢
多选,中国政府倡议的一带一路，坚持()(),ABCD,开放合作,和谐包容,市场运作,互利共赢
多选,中国政府致力于把一带一路建设成和平之路、(),ABCD,繁荣之路,开放之路,创新之路,文明之路
多选,全党要更加自觉地增强（）既不走封闭僵化的老路，也不走改旗易帜的邪路，保持政治定力，坚持实干兴邦，始终坚持和发展中国特色社会主义。,ABCD,道路自信,理论自信,制度自信,文化自信
多选,我们党深刻认识到，实现中华民族伟大复兴，必须(),ABC,推翻三座大山，实现民族独立、人民解放 、国家统一、社会稳定,建立符合我国实际的先进社会制度,合乎时代潮流、顺应人民意愿，用于改革开放，让党和人民事业始终充满奋勇前进的强大动力。,必须进行大跃进运动。
多选,习近平总书记在十九大报告中指出，实现伟大梦想，必须( ),BCD,进行改革开放,进行伟大斗争,建设伟大工程,推进伟大事业
多选,坚持党对一切工作的领导。党政军民学，东西南北中，党是领导一切的。必须增强(),ABCD,政治意识,大局意识,核心意识,看齐意识
多选,我们党最鲜明的品格是(),BC,始终走在时代前列,勇于自我革命,从严管党治党,始终保持先进性
多选,坚持和加强党的全面领导，不断提高党的建设质量，把党建设成为始终（）的马克思主义执政党,ABCD,走在时代前列,人民衷心拥护,勇于自我革命,经得起各种风浪考验、朝气蓬勃
多选,全党同志要加强党性锻炼，不断提高政治觉悟和政治能力，把（）作为根本政治担当，永葆共产党人政治本色,ABCD,对党忠诚,为党分忧,为党尽职,为民造福
多选,()是中国共产党人的精神支柱和政治灵魂，也是保持党的团结统一的思想基础。,AB,共产主义远大理想,中国特色社会主义共同理想,全心全意为人民服务,社会主义核心价值观
多选,党面临的四大危险是(),ABCD,精神懈怠危险,能力不足危险,脱离群众危险,消极腐败危险
多选,党面临的四大考验是(),ABCD,执政考验,改革开放考验,市场经济考验,外部环境考验
多选,之所以要把党的政治建设摆在首位，是因为(),ABD,旗帜鲜明讲政治是我们党作为马克思主义政党的根本要求,党的政治建设是党的根本性建设，决定党的建设方向和效果,政治建设是党的基础性建设,注重抓党的政治建设是党的十八大以来全面从严治党的成功经验
多选,加强党的政治建设，必须坚决防止和反对(),ABCD,个人主义和分散主义,自由主义和好人主义,本位主义和宗派主义,圈子文化和码头文化
多选,加强党的政治建设，必须保证全党在（）上同党中央保持高度一致,ABCD,政治立场,政治方向,政治原则,政治道路
多选,加强党的政治建设，要尊崇党章，严格执行新形势下党内政治生活若干准则，增强党内政治生活的（），自觉抵制商品交换原则对党内生活的侵蚀，营造风清气正的良好政治生态,ABCD,政治性,时代性,原则性,战斗性
多选,习近平提出的好干部标准是(),ABCDE,信念坚定,为民服务,勤政务实,敢于担当
多选,党支部作为党的基层组织，担负直接（）的职责,ABC,教育党员,管理党员,监督党员,培训党员
多选,党支部作为党的基层组织，担负（）的职责,ABCD,组织群众,宣传群众,凝聚群众,服务群众
多选,加强党的作风建设，必须要坚决整治的“四风”是(),ABCD,形式主义,官僚主义,享乐主义,奢靡之风
多选,加强党的纪律建设，在重点强化政治纪律和组织纪律的同时，带动（）严起来,ABCD,廉洁纪律,群众纪律,工作纪律,生活纪律
多选,加强党的纪律建设，要重点强化(),AC,政治纪律,廉洁纪律,组织纪律,群众纪律
多选,加强党的制度建设，要建立健全（）的党内法规制度体系,ABCD,内容科学,程序严密,配套完备,运行有效
多选,中国共产党的领导是中国特色社会主义最本质的特征，这是由（）所决定的,ABC,科学社会主义的理论逻辑,中国特色社会主义产生与发展的历史逻辑,中国特色社会主义迈向新征程的实践逻辑,和平与发展的时代逻辑
多选,实现伟大梦想，必须进行具有许多新的历史特点的伟大斗争。这些斗争包括(),ABCDE,要坚决反对一切削弱 、歪曲、否定党的领导和社会主义制度的言行,要坚决反对一切损害人民利益、脱离群众的行为,要坚决破除一切顽瘴痼疾,要坚决反对一切分裂祖国、破坏民族团结和社会和谐稳定的行为
多选,伟大斗争、伟大工程、伟大事业、伟大梦想是一个紧密联系、相互贯通、相互作用、有机统一的整体，统一于新时代坚持和发展中国特色社会主义伟大实践。(),ABCDE,伟大梦想是目标,伟大斗争是手段,伟大工程是保障,伟大事业是主题
多选,党是最高政治领导力量(),ABC,这是马克思主义政党的基本要求,这是对党领导革命、建设和改革历史经验的深刻总结,这是推进伟大事业的根本保证,这是世界政党政治的普遍原则
多选,中国共产党要全面增强执政本领，包括(),ABCD,学习本领和政治领导本领,改革创新本领和科学发展本领,依法执政本领和群众工作本领,很抓落实本领和驾驭风险本领
多选,党要增强政治领导本领，不断提高（）的能力,ABCD,把方向,谋大局,定政策,促改革
多选,坚持党的领导是(),ABCD,党和国家的根本所在,党和国家的命脉所在,全国各族人民的利益所系,全国各族人民的幸福所系
多选,掌握意识形态工作领导权，必须做到(),ABCDE,旗帜鲜明坚持马克思主义指导地位,加快构建中国特色哲学社会科学,坚持正确的舆论导向,建设好网络空间
多选,社会主义核心价值体系的基本内容(),ABCD,马克思主义指导思想,中国特色社会主义共同理想,以爱国主义为核心的民族精神和以改革创新为核心的时代精神,社会主义荣辱观
多选,习近平总书记概括的伟大民族精神是指(),ABCD,伟大创造精神,伟大奋斗精神,伟大团结精神,伟大梦想精神
多选,提高文化软实力，必须(),ACD,努力弘扬中华文化,深化文化体制改革,讲好中国故事，传播好中国声音,加强当代中国价值观念的提炼和阐释
多选,我们应当树立（）的生态文明理念,ABC,尊重自然,顺应自然,保护自然,改造自然
多选,建设社会主义生态文明要建设以（）为基础，以（）为准则，以（）为目标的资源节约型、环境友好型社会。,ABC,资源环境承载力,自然规律,可持续发展,人与自然和谐发展
多选,加快生态文明体制改革，必须(),ABCD,推进绿色发展,着力解决突出环境问题,加大生态系统保护力度,改革生态环境监管体制
多选,习近平总书记在纪念马克思诞辰200周年的讲话中指出，马克思主义是(),ABCD,科学的理论，创造性地揭示了人类社会发展规律,人民的理论，第一次创立了人民实现自身解放的思想体系,不断发展的开放的理论，始终站在时代前沿,实践的理论，指引着人民改造世界的行动
多选,社会主义核心价值观深入回答了（）的重大问题,ABC,建设什么样的国家,建设什么样的社会,培育什么样的公民,走什么样的道路
多选,加快构建哲学社会科学，要按照立足中国、（）的思路,ABCDE,借鉴国外,挖掘历史,把握当代,关怀人类
多选,当前我国意识形态领域面临的重大挑战(),ABCD,意识形态领域局部多元多样多变趋势明 显，各种力量竞相发声成为常态,社会主流价值遭遇市场逐利性的挑战,媒体格局和舆论生态发生深刻变化,各种敌对势力加紧对我国渗透遏制
多选,落实意识形态责任制，根本在于(),CD,主动发声,敢于亮剑,加强组织领导,强化责任担当
多选,党的十八届五中全会提出的共享发展理念，其内涵主要有（）。,ABCD,全民共享,全面共享,共建共享,渐进共享
多选,协调是健康发展的(    )。,ABCD,手段,目的,标准,尺度
多选,创新发展就是把创新摆在国家发展全局的核心位置，不断推进(),ABCD,理论创新,制度创新,科技创新,文化创新
多选,面对经济社会发展的新趋势、新机遇、新矛盾、新挑战，习主席提出新的发展理念创新(),ABCD,协调,绿色,开放,共享
多选,着力加快建设（）协调发展的产业体系，着力构建市场机制有效、微观主体有活力、宏观调控有度的经济体 制，不断增强我国经济创新力和竞争力。,ABCD,实体经济,科技创新,现代金融,人力资源
多选,建设现代化经济体系是跨越关口的迫切要求和我国发展的战略目标。必须坚持质量第一、效益优先，以供给侧结构性改革为主线，推动经济发展（）。,ABD,质量变革,效率变革,技术变革,动力变革
多选,要加快建设制造强国，加快发展先进制造业，推动()和实体经济深度融合。,ABD,互联网,大数据,科技创新,人工智能
多选,深化供给侧结构性改革，必须建设（）劳动者大军。,ABC,知识型,技能型,创新型,智慧型
多选,深化供给侧结构性改革强调，弘扬（）和（），营造劳动光荣的社会风尚和精益求精的敬业风气。,AD,劳模精神,优秀劳模精神,大国工匠精神,工匠精神
多选,深化供给侧结构性改革要坚持（）、补短板，优化存量资源配置，扩大优质增量供给，实现供需动态平衡。,ABCD,去产能,去库存,去杠杆,降成本
多选,人类活动必须（），否则就会遭到大自然的报复。,ABD,尊重自然,顺应自然,改造自然,保护自然
多选,中央经济工作会议指出，推动高质量发展是当前和今后一个时期确定发展思路、制定经济政策、实施宏观调控的根本要求，必须加快形成推动高质量发展的（）、绩效评价、政绩考核，创建和完善制度环境，推动我国经济在实现高质量发展上不断取得新进展。,ABCD,指标体系,政策体系,标准体系,统计体系
多选,建设充分发挥市场作用、更好发挥政府作用的经济体制，实现（）。,ABC,市场机制有效,微观主体有活力,宏观调控有度,社会协同参与
多选,要结合推进供给侧结构性改革，加快推动（）发展，形成节约资源、保护环境的生产生活方式。,ACD,绿色,持续,循环,低碳
多选,供给侧结构性改革，重点是解放和发展社会生产力，用改革的办法推进结构调整，（），增强供给结构对需求变化的适应性和灵活性，提高全要素生产率。,AB,减少无效和低端供给,扩大有效和中高端供给,推动科技创新,化解产能过剩
多选,建设社会主义和谐社会，要把(    )作为社会建设的根本任务。,ABC,改善民生,创新社会治理,坚持总体国家安全观,实现共同富裕
多选,我们要加快建立(    )的住房制度，让全体人民住有所居。,ACD,多主体供给,多部门监督,多渠道保障,租购并举
多选,加强社会治理制度建设，要完善社会治理体制，提高社会治理（   ）水平。,ABCD,社会化,法治化,智能化,专业化
多选,提高就业质量和人民收入水平，鼓励勤劳守法致富，就要(   ),ABCD,扩大中等收入群体,增加低收入者收入,调节过高收入,取缔非法收入
多选,"加强和创新社会治理,必须(  )",ABCDE,创新社会治理体制,改进社会治理方式,加强预防和化解社会矛盾机制建设,加强社会心理服务体系建设
多选,"提高保障和改善民生,必须(  )",ABCDE,优先发展教育事业,提高就业质量和人民收入水平,加强社会保障体系建设,坚决打赢脱贫攻坚战
多选,坚持总体国家安全观，必须(   ),ABCDE,完善国家安全体系,健全公共安全体系,推进平安中国建设,加强国家安全能力建设
多选,全面贯彻落实总体国家安全观，要求(  ),ABCDE,统筹外部安全和内部安全,统筹国土安全和国民安全,统筹传统安全和非传统安全,统筹自身安全和共同安全
多选,新民主主义社会主要的经济成分有(),ACD,社会主义经济,合作社经济,个体经济,资本主义经济
多选,过渡时期总路线的主要内容被概括为“一化三改” ，它们之间的关系又被形象地称为“一体两翼”，其中“两翼”是指,BDE,社会主义工业化,农业社会主义改造,社会主义现代化,手工业的社会主义改造
多选,对农业、个体手工业进行社会主义改造必须遵循的原则是(),ABCD,自愿互利,典型示范,国家帮助,积极领导，稳步前进
多选,对资本主义工商业的社会主义改造采取的形式是(),ABCDE,加工订货,统购包销,经销代销,个别公私合营
多选,我国的社会主义改造是一场伟大的社会变革，但是在改造过程中也出现了一 些偏差，遗留了一些问题，具体表现在(),ABCD,所有制结构过于单 一，在社会主义公有制已居于绝对统治地位的条件下，没有有限度地保留一部分有益于国计民生的个体经济和私营经济,高度集中的计划经济体制也随之扩大到整个社会经济生活,在一定程度上排斥了商品经济和市场经济的正常运行,要求过急，发展过快，工作过粗，改造形式过于简单
多选,中国新民主主义社会的主要特点是(),ABCDE,是个过渡性质的社会,政治上实行工人阶级领导的人民民主专政,经济上实行国营经济领导下的五种经济并存,社会主义公有制经济是主体
多选,全行业公私合营前，国家对资本主义工商业采取的赎买政策是四马分肥，其中四马是(),ABCD,国家所得税,企业公积金,工人福利费,资本家的利润（包括服务与红利）
多选,新民主主义社会存在的经济成份有(),ABCDE,社会主义性质的国营经济,半社会主义性质的合作社经济,资本主义私营经济,多种形式的国家资本主义
多选,在新民主主义社会中，属于资本主义的因素有(),AB,私人资本主义经济,民族资产阶级,合作社经济,国营经济
多选,20世纪50年代中期，社会主义改造基本完成，标志着( ),ABD,社会主义制度在我国已经确立,我国进入了社会主义初级阶段,我国步入了社会主义改革时期,我国实现了新民主主义向社会主义过渡
多选,中国共产党根据马克思列宁主义关于农业社会主义改造的思想，从我国的实际出发，开创了一条有中国特色的合作化道路，成功地实现了对个体农业的社会主义改 造，其历史经验主要有( ),BCD,国家用先进的技术和装备发展农业经济,遵循自愿互利、典型示范和国家帮助的原则,在土地改革后不失时机地引导个体农民走互助合作道路,采取从互助到初级社再到高级社的逐渐过渡形式
多选,从中华人民共和国成立到社会主义改造基本完成，是我国从新民主主义到社会主义的过渡时期。这一时期中国社会的阶级构成主要包括 ( ),ABCD,工人阶级,农民阶级,民族资产阶级,城市小资产阶级
多选,以毛泽东同志为核心的党的第一代中央领导集体带领全党全国和各族人民完成了新民主主义革命，进行了社会主义改造，确立了社会主义基本制度，这一基本制度的确立：( ),ABD,为当代中国一切发展进步奠定了根本政治前提和制度基础,是中国历史上最深刻最伟大的社会变革,标志着马克思主义同中国实际第二次结合的完成,使广大劳动人民真正成为国家的主人
多选,关于过渡时期总路线的表述正确的是(),ABCDE,过渡时期总路线实行社会主义建设和社会主义改造同时并举,过渡时期总路线体现了社会主义工业化和社会主义改造的紧密结合,过渡时期总路线体现了解放生产力与发展生产力的有机统一,过渡时期总路线体现了变革生产关系与发展生产力的有机统一
多选,关于社会主义改造说法正确的是(),ABD,社会主义改造的基本完成，使我国社会经济结构发生了根本变化,社会主义改造的基本完成，使我国社会的阶级关系发生了根本变化,社会主义改造的基本完成，表明我国的一切剥削现象都已经被消灭,社会主义改造的基本完成，表明社会主义制度已经基本确立
多选,在资本主义工商业改造中，初级形式的国家资本主义包括了以下形式(),ABCD,委托加工,统购包销,计划订货,经销代销
多选,在对农业进行社会主义改造的过程中，经历的三个发展阶段是(),ABD,互助组,初级社,人民公社,高级社
多选,建国初期对民族工商业采取的政策是(),ABD,利用,限制,教育,改造
多选,中国从新民主主义向社会主义过渡的条件主要是(),ABCD,近代中国资本主义经济及现代工业初步发展,社会主义国营经济的壮大和无产阶级政党的领导,有利的国际因素,人民民主专政的国家政权
多选,具有中国特点的社会主义改造道路的内容是(),ABCD,社会主义工业化和社会主义改造同时并举,通过一系列逐步过渡的由低级到高级的社会主义改造形式,和平改造特别是对资产阶级实现了和平赎买,对经济制度的改造与对人的改造相结合
多选,下列对新民主主义社会的说法中正确的是(),ABCD,是一种过渡性质的社会阶段,不是一个完整的社会形态,具有两种社会形态的因素,是半殖民地半封建社会走向社会主义 社会的中介和桥梁
多选,党在过渡时期的总路线主要内容是(),CD,没收官僚垄断资本和民族资本,没收地主的土地,逐步实现社会主义的工业化,逐步实现对农业、手工业、资本主义工商业的社会主义改造
多选,我国对资本主义工商业进行社会主义改造的经验主要有(),ABCD,严格区别官僚资本和民族资本的界限，实行和平赎买，和平地实现了生产关系的深刻变革,创造了国家资本主义的多种形式，采取了由低级到高级逐步过渡的形式,把对企业的改造和对资本家的改造结合起来，把资本家改造成为自食其力的劳动者,对私人资本主义的赎买政策应始终坚持采取“四马分肥 ”
多选,从社会发展的主体选择性的角度看，中国人民走上社会主义道路，其原因在于(),ACD,社会主义符合中国人民根本利益的要求,在历史进程中没有多种道路可供人们选择,中国人民在国际交往中受到俄国十月社会主义革命的历史启示,中国共产党对历史必然性及本国国情的正确把握
多选,中国由新民主主义社会向社会主义社会转变的主客观条件和必然性在于(),ABCD,政治上实现了全国大陆的解放和统一，建立了各级地方人民政权，提供了强有力的政治保障,经济上没收了官僚买办资本，建立了社会主义性质的国家经 济，奠定了相当的物质基础,积累了利用、限制、改造私营工商业和引导农民进行互助合作的实践经验,二战后欧亚一批国家先后走上社会主义道路，形成了以苏联为首的社会主义阵营
多选,在中国进行社会主义改造的目的是( ),BCD,消灭资本家,确立社会主义生产关系,健全社会主义上层建筑,继续解放和发展生产力
多选,建国之初的国营经济的来源有(),ABC,解放区原有的公营经济,没收的官僚资本,收回的外国资本企业,没收的地主土地
多选,七届二中全会提出的“两个转变”的思想是指(),AB,由农业国转变为工业国,由新民主主义国家转变为社会主义国家,由半殖民地半封建社会转变为新民主主义国家,由新民主主义革命转变为新民主主义社会
多选,在新民主主义社会中，社会主义因素与资本主义因素之间不可避免地存在着(),ABC,社会主义和资本主义的发展方向的斗争,限制和反限制的斗争,改造和被改造的斗争,革命和反革命的斗争
多选,在我国的手工业社会主义改造中(    ),ABC,手工业供销小组具有社会主义萌芽性质,手工业供销合作社具有半社会主义性质,手工业生产合作社是社会主义性质的集体经济,手工工厂是地方国营经济
多选,确立社会主义基本制度的重大意义是( ),ABCD,为当代中国一切发展进步奠定了制度基础,使广大劳动人民真正成为国家的主人,使占世界人口四分之一的东方大国进入了社会主义社会,在一个经济文化落后的东方大国中顺利地实现了从新民主主义到社会主义的转变
多选,社会主义改造的重要意义是( ),ABCD,社会主义公有制经济制度基本确立,劳动人民从此成为生产资料主人，摆脱受剥削受压迫地位,进一步解放了社会生产力，“一五”提前超额完成,丰富发展了马克思主义的社会主义改造理论
多选,在我国之所以能够争取赎买的方式对资本主义工商业进行和平改造，原因在于( ),ABCD,民族资产阶级有剥削工人取得利润的一 面，又有拥护宪法愿意接受社会主义改造的一面,中国共产党与民族资产阶级长期保持着统一战线的关系,人民民主专政的国家政权并以强大的国营经济掌握了国家的经济命脉,国家对粮食和工业原料统购统销
多选,对资本主义私有制的改造，马克思和恩格斯曾经设想过暴力没收、和平赎买两种形式，我国采用和平赎买，其优越性在于( ),ABCD,有利于发挥私营工商业在国计民生方面的积极作用,有利于争取和团结民族资产阶级,有利于团结各民主党派巩固发展统一战线,有利于争取团结同资产阶级相联系的知识分子为社会主义服务
多选,与社会主义工业化相联系，社会主义改造的必要性在于( ),ABCD,个体经济增长潜力有限，难以实现工业化对粮食和工业原料迅速增长的需要,民族资本主义不仅工业比重小而且缺乏重工业基础，无力推进工业化的发展,私营企业与国家各项经济政策之间利益冲突加剧,私营经济与国营经济之间矛盾日益明显
判断,马克思主义中国化的各个理论成果，既一脉相承，又与时俱进，是一个统一的科学思想体系。(  ),正确,,,,
判断,马克思主义中国化的各个理论成果辩证统一于中国革命 、建设和改革的伟大历史实践中，不断开拓着马克思主义在中国发展的新境界。(  ),正确,,,,
判断,理论和实践相结合的作风，和人民群众紧密地联系在一起的作风，以及自我批评的作风，是中国共产党区别于其他任何政党的显著标志。(),正确,,,,
判断,没有毛主席，至少我们中国人民还要在黑暗中摸索更长的时间。(  ),正确,,,,
判断,时代主题的转换是中国特色社会主义理论体系形成的时代背景。(  ),正确,,,,
判断,科学发展观是对马克思列宁主义、毛泽东思想、邓小平理论和“三个代表”重要思想关于发展思想的继承和发展。( ),正确,,,,
判断,1982年，在党的十二大上，邓小平正式提出了“建设有中国特色的社会主义”的命题。( ),正确,,,,
判断,中国特色社会主义理论体系，就是包括邓小平理论、 “三个代表”重要思想以及科学发展观等重大战略思想在内的科学理论体系。(),正确,,,,
判断,马克思主义中国化就是指的是马克思主义理论在中国的传播。(   ),错误,,,,
判断,毛泽东在《论十大关系》中指出：必须围绕着一个基本方针就是要调动国内外一切积极因素，为社会主义建设服务。(   ),正确,,,,
判断,在当代中国，中国特色社会主义理论体系和毛泽东思想是一脉相承的统一的科学体系。(  ),正确,,,,
判断,战争与革命是中国特色社会主义理论体系形成的时代背景。(  ),错误,,,,
判断,中国共产党找到了马克思主义这个崭新的思想武器，就自然而然地能够解决中国革命所面临的问题。(   ),错误,,,,
判断,刘少奇在中共七大上所作的《论新阶段》的报告，对马克思主义中国化从理论上做了进一步的阐释。( ),错误,,,,
判断,抗日战争时期，中国共产党成功的开辟了农村包围城市 、武装夺取政权的道路。(    ),错误,,,,
判断,中国人民解放军的建军原则是党指挥枪。( ),正确,,,,
判断,新民主主义革命理论是毛泽东思想达到成熟的主要标志。(  ),正确,,,,
判断,十一届三中全会开启了改革开放和社会主义现代化建设的历史新时期。( ),正确,,,,
判断,实事求是是党的思想路线的核心，也是中国特色社会主义理论体系的精髓。(  ),正确,,,,
判断,近代中国的社会性质是前资本主义社会           ( ),错误,,,,
判断,中国人民的第一个和最凶恶的敌人是官僚资本主义( ),错误,,,,
判断,中国共产党在中国革命中战胜敌人的三个法宝游击战、武装斗争、统一战线   (  ),错误,,,,
判断,中国革命的基本问题是武装斗争  (  ),错误,,,,
判断,近代中国社会最主要的矛盾是地主阶级和农民阶级的矛盾  (   ),错误,,,,
判断,标志着旧民主主义革命向新民主主义革命转变的重大事件是新文化运动的兴起   (  ),错误,,,,
判断,毛泽东首次明确提出“新民主主义革命”这一科学概念的著作是《〈共产党人〉发刊词》    (  ),错误,,,,
判断,中国民主主义革命经历了旧民主主义革命和新民主主义革命两个阶段，“旧”阶段转化到“新”阶段的根本标志是中国革命主要对象的变化(  ),错误,,,,
判断,毛泽东提出的“工农武装割据”思想主要是指土地革命 、武装斗争、党的建设密切结合的思想(  ),错误,,,,
判断,近代中国革命必须分为两个步骤，第一步革命的基本性质是无产阶级革命(  ),错误,,,,
判断,新中国成立初期，我国主要是学习苏联经验，这在当时是必要的，也取得了一定的成效。(  ),正确,,,,
判断,新中国成立初期，我国在经济建设上主要采取的模式是东欧模式。(  ),错误,,,,
判断,1956年4月，毛泽东在中央政治局扩大会议上关于探索适合我国国情的社会主义建设道路的著作是《关于正确处理人民内部矛盾的问题》。(  ),错误,,,,
判断,在社会主义事业的发展中， 一般来说，积极因素是出于主导的、统治地位的，这是社会主义事业不断前进的可靠保证。(  ),正确,,,,
判断,社会主义建设的积极因素与消极因素在一定条件下是可以互相转化的。(  ),正确,,,,
判断,《论十大关系》在安排农业、轻工业、重工业三者比例时，强调以农业为基础。(  ),正确,,,,
判断,我国社会主义改造的任务完成以后，国内的社会矛盾和阶级关系发生重大变化，无产阶级同资产阶级之间的矛盾已经基本解决。( ),正确,,,,
判断,党的八大提出了既反保守又反冒进、在综合平衡中稳步前进的经济建设方针。(   ),正确,,,,
判断,社会主义社会两类不同性质的矛盾是指国内矛盾和国际矛盾。(  ),错误,,,,
判断,关于正确处理人民内部矛盾的问题是社会主义国家政治生活的主题。(  ),正确,,,,
判断,社会主义社会的基本矛盾不是对抗性的矛盾，而是非对抗性的矛盾。(  ),正确,,,,
判断,人民内部矛盾是在人民根本利益一致基础上的矛盾，是非对抗性的矛盾。(   ),正确,,,,
判断,在我国，由于民族资产阶级有两面性，工人阶级同民族资产阶级的矛盾属于人民内部矛盾。(  ),正确,,,,
判断,对抗性的矛盾和非对抗性的矛盾，在一定条件下可以互相转化。(  ),正确,,,,
判断,中国共产党领导人民进行社会主义建设，有改革开放前和改革开放后两个历史时期，这两个时期不是彼此割裂的。(  ),正确,,,,
判断,《论十大关系》的发表标志着社会主义制度的建立。( ),错误,,,,
判断,1956年三大改造的基本完成标志着我国进入新民主主义社会。(  ),错误,,,,
判断,文艺工作的基本方针是加强政治工作。(  ),错误,,,,
判断,毛泽东在《关于正确处理人民内部矛盾的问题》中提出解决社会主义社会基本矛盾的途径是进行无产阶级专政下的继续革命。(  ),错误,,,,
判断,我国的社会主义制度基本建立起来后，其主要任务是进行思想上、政治上的社会主义革命。,错误,,,,
判断,毛泽东在《关于正确处理人民内部矛盾的问题》中认为社会主义社会两类不同性质的矛盾是生产关系和生产力的矛盾、上层建筑和经济基础之间的矛盾。(  ),错误,,,,
判断,“可以消灭资本主义，又搞资本主义”是陈云的思考。( ),错误,,,,
判断,在中共八大上提出社会主义经济制度实行“三个主体，三个补充”设想的是刘少奇。(  ),错误,,,,
判断,中国共产党内率先提出探索中国社会主义建设道路的领导人是邓小平。(  ),错误,,,,
判断,提出社会主义社会基本矛盾和两类矛盾的学说，强调要严格区别和正确处理两类不同性质矛盾的是毛泽东《限期将正确处理人民内部矛盾问题的讨论和执行情况报告中央》的讲话。(  ),错误,,,,
判断,邓小平同志留给我们的最重要的思想和政治遗产，就是他带领党和人民开创的中国特色社会主义，就是他创立的邓小平理论。(  ),正确,,,,
判断,邓小平理论是在战争与发展成为时代主题的条件下形成的。(  ),错误,,,,
判断,1978年12月召开的党的十一届三中全会，重新确立了我解放思想、实事求是的思想路线。(  ),正确,,,,
判断,邓小平在党的十三大开幕词中提出了“中国特色社会主义”命题。(  ),错误,,,,
判断,1987年党的十三大第一次系统论述了我国社会主义初级阶段理论。(  ),正确,,,,
判断,1987年党的十三大明确概括和全面阐发了党的“一个中心、两个基本点”的基本路线。,正确,,,,
判断,邓小平理论第一次比较系统地初步回答了中国这样的经济文化比较落后的国家如何建设社会主义、如何巩固和发展社会主义的一系列基本问题。(  ),正确,,,,
判断,1997年召开的党的十五大正式提出“邓小平理论”这一概念。(  ),正确,,,,
判断,毛泽东是我国社会主义改革开放和社会主义现代化建设的总设计师。(  ),错误,,,,
判断,党的十四大将邓小平理论确立为党的指导思想并写入党章。(  ),错误,,,,
判断,建设什么样的党，怎样建设党是邓小平在领导改革开放和现代化建设这一新的革命过程中，不断提出和反复思考的首要的基本理论问题。(  ),错误,,,,
判断,邓小平理论的贡献，是历史性的，也是世界性的，不仅改变了中国人民的历史命运，而且改变了世界的历史进程。(),正确,,,,
判断,如果没有邓小平同志，中国人民就不可能有今天的新生活，中国就不可能有今天改革开放的新局面和社会主义现代化的光明前景。,正确,,,,
判断,以毛泽东为主要代表的中国共产党人，在世界社会主义陷入低谷时，坚决捍卫中国特色社会主义，并成功推向21世纪。(),错误,,,,
判断,苏联解体以后，美国作为唯一的超级大国，极力使世界向单极化方向发展，谋求建立以其为领导的世界秩序。 (),正确,,,,
判断,我们党历经革命、建设和改革，已经从领导人民掌握全国政权并长期执政的党，成为领导人民为夺取全国政权而奋斗的党。(),错误,,,,
判断,我们党历经革命、建设和改革，已经从受到外部封锁和 实行计划经济条件下领导国家建设的党，成为对外开放和发展社会主义市场经济条件下领导国家建设的党。(),正确,,,,
判断,"""三个代表""重要思想史一个完整的思想体系，经历了一个酝酿、形成到逐步深化的过程。()",正确,,,,
判断,“三个代表”重要思想所要回答和解决的正是“建设什么样的党、怎样建设党”的重大问题。(),正确,,,,
判断,历史和现实都表明， 一个政权也好， 一个政党也好，其前途命运最终取决于人心向背，不能赢得最广大人民的支持，就必然垮台。(),正确,,,,
判断,贯彻“三个代表”要求，关键在保持党的先进性。(),错误,,,,
判断,贯彻“三个代表”要求，关键在坚持与时俱进。(),正确,,,,
判断,贯彻“三个代表”要求，核心在坚持执政为民。(),错误,,,,
判断,贯彻“三个代表”要求，本质在坚持执政为民。(),正确,,,,
判断,贯彻“三个代表”要求，核心在保持党的先进性。(),正确,,,,
判断,党的十六大将“三个代表”重要思想确立为党的指导思想并写入党章。(),正确,,,,
判断,党的十五大将“三个代表”重要思想确立为党的指导思想并写入党章。(),错误,,,,
判断,社会主义的根本任务是发展生产力。(),正确,,,,
判断,知识分子是先进生产力的开拓者，在改革开放和现代化建设中有着特殊重要的作用。(),正确,,,,
判断,人是生产力中最活跃的因素。(),正确,,,,
判断,科学技术是第一生产力，是先进生产力的集中体现和主要标志。(),正确,,,,
判断,科学的本质是创新。(),正确,,,,
判断,思想政治工作是经济工作和其他一切工作的生命线，是我们党和社会主义国家的重要政治优势。(),正确,,,,
判断,党的全部任务捍卫责任，就是为实现人民群众的根本利益而奋斗。(),正确,,,,
判断,人民，只有人民，才是我们工作价值的最高裁决者。 (),正确,,,,
判断,“三个代表”重要思想是中国特色社会主义理论体系的接续发展。,正确,,,,
判断,中国共产党人的初心和使命，就是为中国人民谋幸福，为中华民族谋复兴,正确,,,,
判断,我国处于并将长期处于社会主义初级阶段的基本国情已经发生了改变。,错误,,,,
判断,经过近四十年的改革开放，我国已经步入了发达国家行列,错误,,,,
判断,我国社会未来的奋斗目标是把我国建设成为富强民主文明和谐的社会主义现代化强国,错误,,,,
判断,实现民族复兴，关键在经济实力的提升,错误,,,,
判断,把习近平新时代中国特色社会主义思想载入宪法的会议是十三届全国人大一次会议,正确,,,,
判断,把习近平新时代中国特色社会主义思想写入党章，确立为党的指导思想的是党的十八大,错误,,,,
判断,“十四个坚持”是理论纲领层面的表述。,错误,,,,
判断,重点讲的怎么办，回答新时代怎样坚持和发展中国特色社会主义的问题的是“十四个坚持”,正确,,,,
判断,“八个明确”是指导思想层面的表述,正确,,,,
判断,重点讲的怎么看，回答新时代坚持和发展什么样的中国特色社会主义的问题的是“八个明确”,正确,,,,
判断,习近平新时代中国特色社会主义思想最重要，最核心的内容是“十四个坚持”,错误,,,,
判断,习近平新时代中国特色社会主义思想的核心要义是坚持改革开放,错误,,,,
判断,改革开放以来我们党全部理论和实践的鲜明主题是强起来。,错误,,,,
判断,经过长期的努力，中国特色社会主义进入了新时代，这是我国发展新的历史方位,正确,,,,
判断,旗帜问题事关党的正确方向，决定着党的实践能力,错误,,,,
判断,新时代中国特色社会主义思想，明确中国特色社会主义最本质的特征是坚持中国共产党的领导,正确,,,,
判断,实现中华民族伟大复兴，就是中华民族近代以来最伟大的梦想。(  ),正确,,,,
判断,中国梦归根到底是世界梦。(  ),错误,,,,
判断,中国梦归根到底是民族梦。(  ),错误,,,,
判断,中国梦归根到底是人民梦。(  ),正确,,,,
判断,中国梦的本质是国家富强、民族振兴、人民幸福。(  ),正确,,,,
判断,中国梦的本质是国家富强、民族复兴、人民富裕。(  ),错误,,,,
判断,从全面建成小康社会到基本实现现代化，再到全面建成社会主义现代化强国，是新时代中国特色社会主义发展的战略安排。(  ),正确,,,,
判断,从2020年到2035年，中国基本实现社会主义现代化强国目标。(  ),错误,,,,
判断,从2035年到21世纪中叶，中国基本实现社会主义现代化强国目标。(  ),正确,,,,
判断,新时代中国特色社会主义思想强调，中国分两步在本世纪中叶建成富强民主文明和谐美丽的社会主义现代化强国。。(  ),正确,,,,
判断,从2020年到2035年，中国基本实现社会主义现代化。( ),正确,,,,
判断,走中国特色社会主义政治发展道路，必须坚持党的领导 、人民当家作主、依法治国有机统一。,正确,,,,
判断,《中共中央关于深化党和国家机构改革的决定》通过于党的十九届二中全会。,错误,,,,
判断,人民当家作主是社会主义民主政治的根本保证。,错误,,,,
判断,我国是工人阶级领导的、以工农联盟为基础的人民民主专政的社会主义国家，国家一切权力属于人民。,正确,,,,
判断,人民代表大会制度是能够保证人民当家作主的根本政治制度和最高实现形式。,正确,,,,
判断,民族区域自治制度是我国的一项根本政治制度。,错误,,,,
判断,“一个中国、两种制度”是我们解决台湾问题的基本方针，也是实现国家统一的最佳方式。,错误,,,,
判断,一个中国原则是两岸关系的政治基础。,正确,,,,
判断,推进祖国和平统一进程，必须坚决反对和遏制任何形式的“台独”。,正确,,,,
判断,全面建成小康社会标志着我们跨过了实现现代化建设第三步战略目标必经的承上启下的重要发展阶段。,正确,,,,
判断,全面建成小康社会，是全国各地“同一水平小康”。,错误,,,,
判断,全面建成小康社会，是没有人掉队的小康。,正确,,,,
判断,没有农村的全面小康和欠发达地区的全面小康，就没有全国的全面小康。,正确,,,,
判断,全面建成小康社会的目标是，到2020年国内生产总值和城乡居民人均收入比2010年翻两番,错误,,,,
判断,改革只有进行时，没有完成时。,正确,,,,
判断,改革是社会主义制度自我完善和发展，是对社会主义制度改弦易张,错误,,,,
判断,完善和发展中国特色社会主义制度，推进国家治理体系和治理能力现代化，这两句话前一句规定了实现路径，后一句规定了根本方向,错误,,,,
判断,全面依法治国是中国特色社会主义的本质要求和重要保障。,正确,,,,
判断,党的领导是社会主义法治最根本的保证。,正确,,,,
判断,全面依法治国，必须从我国实际出发，直接全面移植其他国家法治文明成果。,错误,,,,
判断,旗帜鲜明讲政治是我们党作为马克思主义政党的根本要求。,正确,,,,
判断,党的组织建设是党的根本性建设，决定党的建设方向和效果,错误,,,,
判断,加强制度建设是全面从严治党的长远之策、根本之策,正确,,,,
判断,作风问题是我们党面临的最大威胁,错误,,,,
判断,任何组织和个人都必须尊重宪法法律权威，都必须在宪法法律范围内活动,正确,,,,
判断,解放思想和实事求是相统一的，实事求是目的和实质都是为了做到解放思想。,错误,,,,
判断,党对军队的绝对领导是人民军队完全区别于一切旧军队的政治特质和根本优势,正确,,,,
判断,习近平强军思想是中国特色社会主义的最新成果,错误,,,,
判断,我国中央军委实行主席负责制,正确,,,,
判断,到2035年，我国将全面建成世界一流军队,错误,,,,
判断,我国关于国防和军队现代化的战略安排中，基本实现机械化的时间是2020年,正确,,,,
判断,新时代我们要坚持富国和强军相统一,正确,,,,
判断,新时代我们要坚持强国和强军相统一,错误,,,,
判断,走军民融合式发展路子，是实现富国和强军统一的重要途径,正确,,,,
判断,军地分离，军队优先，是实现富国和强军统一的重要途径,错误,,,,
判断,当今时代主题是战争与革命,错误,,,,
判断,世界多极化是当今国际关系的现实,错误,,,,
判断,尽管有逆全球化现象的出现，单经济全球化的总趋势没有改变,正确,,,,
判断,世界各国文化没有高低优劣之分，都应得到承认和尊重,正确,,,,
判断,维护世界和平、促进共同发展是中国外交政策的宗旨,正确,,,,
判断,中国独立自主的和平外交政策，始终把意识形态和社会制度放在第一位,错误,,,,
判断,中国推动建设的新型国际关系核心是维护联合国宪章的宗旨和原则,正确,,,,
判断,新型国际关系是在和平共处五项原则的基础上进行,正确,,,,
判断,中国秉持的全球治理观是协商共建共享,错误,,,,
判断,构建人类命运共同体，在政治上要走对话而不对抗、结伴而不结盟的国与国交往新路,正确,,,,
判断,一带一路指的是21世纪海上丝绸之路经济带和陆上丝绸之路,错误,,,,
判断,中国共产党人的初心和使命，就是为中国人民谋幸福，为中华民族谋复兴,正确,,,,
判断,新时代中国特色社会主义思想，明确中国特色社会主义制度的最大优势是密切联系群众。,错误,,,,
判断,人民是历史的创造者，是决定党和国家前途命运的根本力量。,正确,,,,
判断,坚持党的领导，是党和国家的根本所在、命脉所在，是全国各族人民的利益所系、幸福所系,正确,,,,
判断,中国共产党必须勇于进行自我革命，全面增强党的执政本领，以领导人民进行的伟大社会革命,正确,,,,
判断,党的领导地位和执政地位不是与生俱来的，也不是一劳永逸的，过去拥有不等于现在拥有，现在拥有不等于永远拥有,正确,,,,
判断,坚持党总揽全局、协调各方的领导核心地位，是党作为最高政治力量在治国理政中的重要体现,正确,,,,
判断,党的集中统一领导是革命取得胜利的根本保障,正确,,,,
判断,党是最高政治领导力量,正确,,,,
判断,伟大斗争、伟大工程、伟大事业、伟大梦想是一个紧密联系、相互贯通、相互作用、有机统一的整体，统一于新时代坚持和发展中国特色社会主义伟大实践。起决定性作用的是伟大梦想,错误,,,,
判断,中国共产党的领导是中国特色社会主义制度的最大优势,正确,,,,
判断,十二届全国人大一次会议审议通过的宪法修正案把“中国特色社会主义最本质的特征是中国共产党的领导”载入宪法总纲以国家根本大法的形式强调党的领导在中国特色社会主义中的核心地位,错误,,,,
判断,中国共产党的领导是中国特色社会主义最本质的特征,正确,,,,
判断,中国共产党是中国特色社会主义事业的领导核心,正确,,,,
判断,“坚持党要管党、全面从严治党”是新时代党的建设的根本方针,正确,,,,
判断,党的建设要把思想建设摆在首位,错误,,,,
判断,政治属性是政党第一位的属性,正确,,,,
判断,共产主义远大理想和中国特色社会主义共同理想，是中国共产党人的精神支柱和政治灵魂,正确,,,,
判断,作风建设的核心是保持党同人民群众的血肉联系,正确,,,,
判断,我们党的最大政治优势是以马克思主义为指导,错误,,,,
判断,严明党的纪律，首要的是严明政治纪律,正确,,,,
判断,反腐败必须标本兼治，强化不敢腐的威慑，扎牢不能腐的笼子，增强不想腐的自觉,正确,,,,
判断,科学发展观是在新世纪新阶段全面建成小康社会进程 中，在新的历史起点上推进中国特色社会主义事业过程中形成和发展起来的。,错误,,,,
判断,科学发展观是对马克思列宁主义、毛泽东思想、邓小平理论和“三个代表”重要思想关于发展思想的继承和发展。( ),正确,,,,
判断,2003年10月党的十六届三中全会通过的《中共中央关于完善社会主义市场经济体制若干问题的决定》第一次提出科学发展观,正确,,,,
判断,十八大报告提出“中国特色社会主义理论体系”的科学概念,错误,,,,
判断,科学发展观的第一要以是以人为本,错误,,,,
判断,科学发展观的根本方法是统筹兼顾,正确,,,,
判断,科学发展观是中国特色社会主义理论体系的接续发展,正确,,,,
判断,科学发展观创造性地回答了新形势下实现什么样的发展 、怎样发展发展等重大问题,正确,,,,
判断,马克思主义是我们立党立国的根本之道思想，是中国共产党人的“真经”。,正确,,,,
判断,富强、民主、文明、和谐，自由、平等、公正、法治，爱国、敬业、诚信、友善是社会主义核心价值观的基本内容。,正确,,,,
判断,文化力量既表现为具有高度素养的国民，也表现为发达的文化产业，还表现为强大的文化软实力。,正确,,,,
判断,深化文化体制改革要把经济效益放在首位。,错误,,,,
判断,生态文明的核心是坚持人与自然和谐共生。,正确,,,,
判断,文化自信是更基础、更广泛、更深厚的自信，是更基本 、更深沉、更持久的力量。,正确,,,,
判断,意识形态关乎旗帜、关乎道路、关乎国家政治安全。,正确,,,,
判断,互联网是意识形态工作的主战场、最前沿。,正确,,,,
判断,尊重自然是人与自然相处时应遵循的基本原则。,错误,,,,
判断,在生态系统保护和修复中，把利用自然力修复生态系统放在首位。,正确,,,,
判断,我国经济已由高速增长阶段转向高质量发展阶段，正处在转变发展方式、优化经济结构、转换增长动力的攻关期,正确,,,,
判断,必须坚持以人民为中心的发展思想，坚持创新、协调、绿色、开放、可持续的发展理念。,错误,,,,
判断,建设信息化经济体系是跨越关口的迫切要求和我国发展的战略目标。,错误,,,,
判断,建设现代化经济体系，必须把发展经济的着力点放在实体经济上。,正确,,,,
判断,十九大报告中关于深化供给侧结构性改革强调，弘扬劳模精神 和工匠精神，营造劳动光荣的社会风尚和精益求精的敬业风气。,正确,,,,
判断,创新是引领发展的第一动力，是建设现代化经济体系的战略支撑。,正确,,,,
判断,构建亲清新型政商关系，促进非公有制经济健康发展和非公有制经济人士健康成长。,正确,,,,
判断,坚持适应我国经济发展主要矛盾变化完善宏观调控，相机抉择，开准药方，把推进供给侧结构性改革作为经济工作的主线。,正确,,,,
判断,推进供给侧结构性改革，要从生产端入手，重点是促进产能过剩有效化解，促进产业优化重组，降低企业成 本，发展战略性新兴产业和现代服务业，增加公共产品和服务供给，提高供给结构对需求变化的适应性和灵活性。,正确,,,,
判断,环保产业是生态文明建设的必然要求，代表了当今科技和产业变革方向，是最有前途的发展领域。,错误,,,,
判断,保障和改善民生是一项长期工作，没有终点站，只有连续不断的新起点。,正确,,,,
判断,健康是老百姓解决温饱后的第一需求，是最基本的民生 。,错误,,,,
判断,我们要坚决打赢脱贫攻坚战，确保到2035年我国现行标准下农村贫困人口实现脱贫，做到脱真贫、真脱贫 。,错误,,,,
判断,消除贫困、改善民生、逐步实现共同富裕，是社会主义的本质要求，是我们党的重要使命。,正确,,,,
判断,公共安全是国家安全的重要体现， 一头连着经济社会发展，一头连着千家万户，是最基本的民生。,正确,,,,
判断,"社区是党和政府联系、服务居民群众的“最后一公里 ”,社会治理的重心要向基层下移落到城乡社区。",正确,,,,
判断,正确处理人民内部矛盾特别是涉及广大人民群众切身利益的矛盾，是保持社会安定团结良好局面的关键。,正确,,,,
判断,我们要坚持依法治理，加强党委领导，发挥政府主导作用，鼓励和支持社会各方面参与。,正确,,,,
判断,一个社会是否文明进步、安定和谐，很大程度上取决于公民的思想道德素质。,正确,,,,
判断,党和政府应加强和创新对建设社会主义和谐社会各项工作的领导，让全体人民在共建共治共享共赢发展中有更多获得感、幸福感和安全感。,错误,,,,
判断,建国初期，社会主义性质的国营经济和合作社经济，为新民主主义向社会主义的转变奠定了强有力的经济基础,正确,,,,
判断,建国初期，我国的国营经济主要是通过没收官僚资本和民族资本建立的,正确,,,,
判断,我国社会主义改革实质是对50年代中期社会主义改造的否定。,错误,,,,
判断,在中国社会主义改革与社会主义改造关系问题上，有人说：早知今日，何必当初？,错误,,,,
判断,中华人民共和国的成立，标志着社会主义制度在中国的确立。,错误,,,,
判断,对农业和手工业的改造采取了截然不同的改造方法。,错误,,,,
判断,新民主主义社会是一种独立的社会形态。,错误,,,,
判断,对资本主义工商业的改造采取了和平赎买的方式。,正确,,,,
判断,对农业改造中采取的互助组形式具有半社会主义性质。,错误,,,,
判断,社会主义改造完成后，我国社会的主要矛盾还是生产力和生产关系、经济基础和上层建筑的矛盾,错误,,,,
判断,新民主主义社会从性质上来说是属于社会主义体系的。,正确,,,,
判断,过渡时期总路线中，三大改造是主体，社会主义工业化是服务于三大改造的。,错误,,,,
判断,过渡时期时间是从1949年到1956年。,正确,,,,
判断,三大改造时，农民是不情愿的，是被强制改造的。,错误,,,,
判断,合作社经济是完全社会主义性质的经济。,错误,,,,
判断,在对资本主义工商业的改造中，在完成了对企业的改造的同时，也完成了对人的改造。,正确,,,,
